CREATE DATABASE  IF NOT EXISTS `weekly_progress_of_namami_gange_ongoingprojects` /*!40100 DEFAULT CHARACTER SET utf8mb4 COLLATE utf8mb4_0900_ai_ci */ /*!80016 DEFAULT ENCRYPTION='N' */;
USE `weekly_progress_of_namami_gange_ongoingprojects`;
-- MySQL dump 10.13  Distrib 8.0.45, for Win64 (x86_64)
--
-- Host: 127.0.0.1    Database: weekly_progress_of_namami_gange_ongoingprojects
-- ------------------------------------------------------
-- Server version	8.0.45

/*!40101 SET @OLD_CHARACTER_SET_CLIENT=@@CHARACTER_SET_CLIENT */;
/*!40101 SET @OLD_CHARACTER_SET_RESULTS=@@CHARACTER_SET_RESULTS */;
/*!40101 SET @OLD_COLLATION_CONNECTION=@@COLLATION_CONNECTION */;
/*!50503 SET NAMES utf8 */;
/*!40103 SET @OLD_TIME_ZONE=@@TIME_ZONE */;
/*!40103 SET TIME_ZONE='+00:00' */;
/*!40014 SET @OLD_UNIQUE_CHECKS=@@UNIQUE_CHECKS, UNIQUE_CHECKS=0 */;
/*!40014 SET @OLD_FOREIGN_KEY_CHECKS=@@FOREIGN_KEY_CHECKS, FOREIGN_KEY_CHECKS=0 */;
/*!40101 SET @OLD_SQL_MODE=@@SQL_MODE, SQL_MODE='NO_AUTO_VALUE_ON_ZERO' */;
/*!40111 SET @OLD_SQL_NOTES=@@SQL_NOTES, SQL_NOTES=0 */;

--
-- Table structure for table `agencies`
--

DROP TABLE IF EXISTS `agencies`;
/*!40101 SET @saved_cs_client     = @@character_set_client */;
/*!50503 SET character_set_client = utf8mb4 */;
CREATE TABLE `agencies` (
  `agency_id` int NOT NULL AUTO_INCREMENT,
  `agency_name` varchar(500) NOT NULL,
  PRIMARY KEY (`agency_id`),
  UNIQUE KEY `agency_name` (`agency_name`)
) ENGINE=InnoDB AUTO_INCREMENT=24 DEFAULT CHARSET=utf8mb4 COLLATE=utf8mb4_0900_ai_ci;
/*!40101 SET character_set_client = @saved_cs_client */;

--
-- Dumping data for table `agencies`
--

LOCK TABLES `agencies` WRITE;
/*!40000 ALTER TABLE `agencies` DISABLE KEYS */;
INSERT INTO `agencies` VALUES (9,'M/s 21st Century Enviro Engineers Pvt. Ltd. -M/s Sattva Engineering Const. Ltd. JV'),(3,'M/s Aastha Enviro Engineers Pvt Ltd'),(1,'M/s AWWMPL  Pvt Ltd'),(21,'M/s EIEL Mathura Infra Engineers Private Limited'),(16,'M/s Enviro Infra Engineers Ltd, Bhugan Infracon Pvt. Ltd. & Micro Transmission System, JV'),(18,'M/s HNB Private ltd. - M/s Tirupati Cements Products (JV)'),(20,'M/s JWIL-SSG (Joint Venture)'),(13,'M/s Neercare India pvt KLtd JV M/s EMIT Group India Pvt Ltd JV EMS Ltd'),(7,'M/s R K Engineers Sales Ltd'),(10,'M/s R.K. Engineers Sales Ltd.-M/s Anand Constrwell Pvt. Ldt. (JV)'),(22,'M/s R.K. Engineers- Khilari Infrastructure (JV)'),(2,'M/s Shailesh Kumar J.V.'),(6,'M/s SIMA -G D- N.P. (JV)'),(5,'M/s SKC Technocrat Pvt. Ltd (Formerly M/s Satish Kumar & Co.) & M/s Malvika Technical Services (JV)'),(12,'M/s SKC Technocrat Pvt. Ltd (Formerly M/s Satish Kumar & Co.) & M/s. Geo Miller & Co. Pvt. Ltd. (JV)'),(17,'M/s Technocraft Ventures Limited'),(19,'M/s Triveni Engineering and Industries'),(15,'M/s. Meerut STP Pvt. Ltd.');
/*!40000 ALTER TABLE `agencies` ENABLE KEYS */;
UNLOCK TABLES;

--
-- Table structure for table `cities`
--

DROP TABLE IF EXISTS `cities`;
/*!40101 SET @saved_cs_client     = @@character_set_client */;
/*!50503 SET character_set_client = utf8mb4 */;
CREATE TABLE `cities` (
  `city_id` int NOT NULL AUTO_INCREMENT,
  `district_id` int NOT NULL,
  `city_name` varchar(255) NOT NULL,
  PRIMARY KEY (`city_id`),
  UNIQUE KEY `uk_city` (`district_id`,`city_name`),
  CONSTRAINT `cities_ibfk_1` FOREIGN KEY (`district_id`) REFERENCES `districts` (`district_id`)
) ENGINE=InnoDB AUTO_INCREMENT=18 DEFAULT CHARSET=utf8mb4 COLLATE=utf8mb4_0900_ai_ci;
/*!40101 SET character_set_client = @saved_cs_client */;

--
-- Dumping data for table `cities`
--

LOCK TABLES `cities` WRITE;
/*!40000 ALTER TABLE `cities` DISABLE KEYS */;
INSERT INTO `cities` VALUES (1,1,'Agra'),(2,3,'Chhata'),(10,3,'Kosi Kalan'),(16,3,'Mathura'),(3,3,'Vrindavan'),(4,8,'Banat'),(5,8,'Bantikhera Banat'),(6,8,'Shamli'),(7,8,'Thanabhawan'),(12,10,'Saharanpur'),(8,13,'Hapur'),(9,14,'Hathras'),(11,16,'Meerut'),(13,19,'Prayagraj'),(17,23,'Lucknow');
/*!40000 ALTER TABLE `cities` ENABLE KEYS */;
UNLOCK TABLES;

--
-- Table structure for table `districts`
--

DROP TABLE IF EXISTS `districts`;
/*!40101 SET @saved_cs_client     = @@character_set_client */;
/*!50503 SET character_set_client = utf8mb4 */;
CREATE TABLE `districts` (
  `district_id` int NOT NULL AUTO_INCREMENT,
  `district_name` varchar(255) NOT NULL,
  PRIMARY KEY (`district_id`),
  UNIQUE KEY `district_name` (`district_name`)
) ENGINE=InnoDB AUTO_INCREMENT=25 DEFAULT CHARSET=utf8mb4 COLLATE=utf8mb4_0900_ai_ci;
/*!40101 SET character_set_client = @saved_cs_client */;

--
-- Dumping data for table `districts`
--

LOCK TABLES `districts` WRITE;
/*!40000 ALTER TABLE `districts` DISABLE KEYS */;
INSERT INTO `districts` VALUES (1,'Agra'),(6,'Bulandshahr'),(13,'Hapur'),(14,'Hathras'),(18,'Kanpur Nagar'),(23,'Lucknow'),(3,'Mathura'),(16,'Meerut'),(5,'Pratapgarh'),(19,'PrayagRaj'),(4,'Rae Bareli'),(10,'Saharanpur'),(8,'Shamli');
/*!40000 ALTER TABLE `districts` ENABLE KEYS */;
UNLOCK TABLES;

--
-- Table structure for table `project_components`
--

DROP TABLE IF EXISTS `project_components`;
/*!40101 SET @saved_cs_client     = @@character_set_client */;
/*!50503 SET character_set_client = utf8mb4 */;
CREATE TABLE `project_components` (
  `component_id` int NOT NULL AUTO_INCREMENT,
  `project_id` int NOT NULL,
  `work_component` varchar(500) DEFAULT NULL,
  `component_count` int DEFAULT NULL,
  `capacity_length_no` varchar(100) DEFAULT NULL,
  `physical_progress` decimal(10,2) DEFAULT NULL,
  `photos` varchar(100) DEFAULT NULL,
  PRIMARY KEY (`component_id`),
  KEY `project_id` (`project_id`),
  CONSTRAINT `project_components_ibfk_1` FOREIGN KEY (`project_id`) REFERENCES `sewerage_projects` (`project_id`) ON DELETE CASCADE
) ENGINE=InnoDB AUTO_INCREMENT=142 DEFAULT CHARSET=utf8mb4 COLLATE=utf8mb4_0900_ai_ci;
/*!40101 SET character_set_client = @saved_cs_client */;

--
-- Dumping data for table `project_components`
--

LOCK TABLES `project_components` WRITE;
/*!40000 ALTER TABLE `project_components` DISABLE KEYS */;
INSERT INTO `project_components` VALUES (1,1,'Effluent Disposal Line (km.)',2,'2.01',92.50,'12'),(2,1,'Intercepting Sewer (km)',3,'1.94',82.00,'4'),(3,1,'Interception And Diversion',1,'22.00',0.00,'0'),(4,1,'MPS (MLD)',3,'373.50',82.67,'45'),(5,1,'Rising main (mtr.)',3,'8970.00',76.67,'26'),(6,1,'STP (MLD)',13,'177.60',26.25,'88'),(7,2,'Interception And Diversion',1,'40.00',0.00,'0'),(8,3,'Ancilliary works(Admin building,staff quarter ,roa',1,'1.00',22.30,'4'),(9,3,'I/C Sewer line (Mtr.)',1,'2170.00',27.00,'0'),(10,3,'Interception And Diversion',1,'11.00',0.00,'0'),(11,3,'MPS (MLD)',1,'6.00',40.00,'14'),(12,3,'Rising Main (Meter)',1,'5500.00',0.00,'0'),(13,3,'STP (MLD)',1,'6.00',15.50,'8'),(14,4,'FSTP(KLD)',1,'8.00',3.90,'4'),(15,5,'Admin Building',1,'1.00',0.00,'0'),(16,5,'Boundary wall, staff quarter',1,'1.00',0.00,'0'),(17,5,'Cesspool Vehicle',1,'3.00',0.00,'0'),(18,5,'FSTP(KLD)',1,'15.00',28.00,'4'),(19,5,'Solar Power (kw)',1,'35.00',0.00,'0'),(20,6,'Boundary wall',1,'286.00',10.00,'0'),(21,6,'Interception And Diversion',1,'1.00',0.00,'0'),(22,6,'MPS (MLD)',1,'15.00',0.00,'0'),(23,6,'Others',1,'1.00',0.00,'0'),(24,6,'STP (MLD)',1,'10.00',3.00,'0'),(25,7,'Ancilliary works(Admin building,staff quarter ,roa',1,'1.00',96.00,'11'),(26,7,'Interception And Diversion',1,'2.00',97.00,'0'),(27,7,'MPS (MLD)',1,'6.00',88.00,'8'),(28,7,'Online Monitoring/LCS/MCS for proposed STPs and Ex',1,'1.00',0.00,'0'),(29,7,'Rising main (mtr.)',1,'3700.00',99.00,'0'),(30,7,'STP (MLD)',1,'13.00',98.00,'33'),(31,7,'Treated water sump and associated works',1,'1.00',99.00,'0'),(32,7,'Upgradation of MPS',1,'1.00',62.00,'0'),(33,8,'Co-treatment Unit for Fecal Sludge (KLD)',1,'5.00',3.00,'0'),(34,8,'Effluent Disposal Line (km.)',1,'0.60',65.00,'0'),(35,8,'Interception And Diversion',1,'2.00',55.00,'0'),(36,8,'MPS (MLD)',1,'6.00',85.90,'8'),(37,8,'Power Connection',1,'1.00',0.00,'0'),(38,8,'Rising main (mtr.)',1,'50.00',0.00,'0'),(39,8,'Sewer Line (km.)',1,'0.60',65.00,'0'),(40,8,'STP (MLD)',1,'5.00',61.20,'24'),(41,9,'Co-treatment Unit for Fecal Sludge (KLD)',1,'5.00',3.00,'0'),(42,9,'Effluent Disposal Line (km.)',1,'0.40',0.00,'0'),(43,9,'Interception And Diversion',1,'4.00',0.00,'0'),(44,9,'MPS (MLD)',1,'6.00',0.00,'0'),(45,9,'Power Connection',1,'1.00',0.00,'0'),(46,9,'Rising main (mtr.)',1,'50.00',0.00,'0'),(47,9,'Sewer Line (km.)',1,'2.00',0.00,'0'),(48,9,'STP (MLD)',1,'5.00',24.00,'13'),(49,10,'MPS (MLD)',1,'28.00',0.00,'0'),(50,10,'Power Connection',1,'1.00',0.00,'0'),(51,10,'Rising main (mtr.)',1,'50.00',0.00,'0'),(52,10,'Sewer Line (km.)',1,'3.83',0.00,'0'),(53,10,'STP (MLD)',1,'20.00',0.00,'4'),(54,11,'Co-treatment Unit for Fecal Sludge (KLD)',1,'20.00',3.00,'0'),(55,11,'Effluent Disposal Line (km.)',1,'0.10',0.00,'0'),(56,11,'Interception And Diversion',1,'1.00',95.00,'9'),(57,11,'MPS (MLD)',1,'48.00',60.90,'8'),(58,11,'Power Connection',1,'1.00',0.00,'0'),(59,11,'Rising main (mtr.)',1,'100.00',0.00,'7'),(60,11,'Sewer Line (km.)',1,'0.10',0.00,'0'),(61,11,'STP (MLD)',1,'40.00',68.92,'21'),(62,12,'Co-treatment Unit for Fecal Sludge (KLD)',1,'10.00',3.00,'0'),(63,12,'Interception And Diversion',1,'3.00',35.00,'4'),(64,12,'MPS (MLD)',1,'13.00',44.70,'4'),(65,12,'Power Connection',1,'1.00',0.00,'0'),(66,12,'Rising main (mtr.)',1,'60.00',0.00,'0'),(67,12,'Sewer Line (km.)',1,'5.60',7.00,'0'),(68,12,'STP (MLD)',1,'10.00',54.90,'18'),(69,13,'Drains',1,'1.00',5.00,'0'),(70,13,'MPS (MLD)',1,'8.00',60.00,'12'),(71,13,'Others',1,'1.00',30.00,'8'),(72,13,'STP (MLD)',1,'6.00',50.00,'12'),(73,14,'Admin Building',1,'1.00',45.00,'4'),(74,14,'Boundary wall (mtr.)',1,'800.00',0.00,'0'),(75,14,'Intercepting Sewer (km)',1,'5.67',33.10,'4'),(76,14,'MPS (MLD)',1,'54.00',77.00,'8'),(77,14,'Nala Tapping Arrangement ( No.)',1,'8.00',0.00,'0'),(78,14,'Rising main (mtr.)',1,'0.13',36.50,'0'),(79,14,'Staff Quarter type 2',1,'1.00',0.00,'0'),(80,14,'STP (MLD)',1,'24.00',72.00,'16'),(81,15,'Ancilliary works(Admin building,staff quarter ,roa',1,'1.00',31.05,'7'),(82,15,'Intercepting Sewer (km)',1,'0.03',0.00,'0'),(83,15,'MPS (MLD)',1,'12.00',37.05,'4'),(84,15,'Nala Tapping Arrangement ( No.)',1,'1.00',0.00,'0'),(85,15,'Rising main (mtr.)',1,'100.00',0.00,'0'),(86,15,'STP (MLD)',1,'12.00',51.95,'16'),(87,16,'Interception And Diversion',1,'2.00',50.70,'0'),(88,16,'MPS',1,'1.00',80.60,'6'),(89,16,'Power Connection',1,'1.00',0.00,'0'),(90,16,'Rising main (mtr.)',1,'100.00',0.00,'0'),(91,16,'Sewer Line (km.)',1,'5.60',10.00,'0'),(92,16,'STP (MLD)',1,'220.00',55.70,'47'),(93,17,'Effluent Disposal Line (km.)',1,'0.10',4.00,'0'),(94,17,'Interception And Diversion',1,'61.00',4.00,'0'),(95,17,'MPS (MLD)',1,'172.30',4.00,'0'),(96,17,'Power Connection',1,'1.00',4.00,'0'),(97,17,'Rising main (mtr.)',1,'50.00',4.00,'0'),(98,17,'Sewer Line (km.)',1,'16.00',4.00,'4'),(99,17,'STP (MLD)',1,'135.00',33.60,'0'),(100,18,'Construction of SPS and Lift Station (Nos)',1,'7.00',0.00,'0'),(101,18,'Interception and Diversion Work of Drains (Nos)',1,'14.00',0.00,'0'),(102,18,'Laying of Diversion Sewer (meter)',1,'2515.00',0.00,'0'),(103,18,'Laying of Rising main (meter)',1,'11253.00',6.56,'0'),(104,18,'Miscellaneous Works',1,'1.00',0.00,'0'),(105,19,'Effluent Disposal Line (km.)',1,'0.30',85.00,'16'),(106,19,'Effluent Pumping Station (MLD)',1,'43.00',100.00,'28'),(107,19,'Interception And Diversion',1,'13.00',70.00,'8'),(108,19,'IPS (MLD)',1,'2.20',68.00,'21'),(109,19,'MPS (MLD)',1,'32.00',72.00,'16'),(110,19,'Rehabilitation of Sewer Line',1,'3.30',0.00,'0'),(111,19,'Rising main (mtr.)',1,'4070.00',94.00,'20'),(112,19,'Sewer Line (km.)',1,'2.16',94.00,'8'),(113,19,'STP (MLD)',1,'43.00',99.00,'105'),(114,20,'Effluent Disposal Line (km.)',1,'0.30',73.00,'8'),(115,20,'Effluent Pumping Station (MLD)',1,'90.00',73.00,'4'),(116,20,'Interception And Diversion',1,'7.00',80.00,'42'),(117,20,'MPS (MLD)',2,'95.00',71.50,'103'),(118,20,'Rehabilitation of Bund and Bund Road',1,'1.00',37.00,'0'),(119,20,'Rising main (mtr.)',1,'3450.00',88.00,'9'),(120,20,'Sewer Line (km.)',1,'4.20',88.00,'23'),(121,20,'STP (MLD)',1,'90.00',81.00,'114'),(122,21,'Co-treatment Unit for Fecal Sludge (KLD)',1,'20.00',0.00,'0'),(123,21,'Interception And Diversion',1,'2.00',84.00,'24'),(124,21,'IPS (MLD)',1,'2.90',67.50,'85'),(125,21,'Rising main (mtr.)',1,'100.00',25.00,'0'),(126,21,'Sewer Line (km.)',1,'0.06',86.00,'0'),(127,21,'STP (MLD)',1,'50.00',68.00,'211'),(128,22,'I/C Sewer line (Mtr.)',1,'1970.00',97.06,'4'),(129,22,'Interception And Diversion',1,'4.00',68.15,'4'),(130,22,'IPS (MLD)',2,'47.00',69.13,'13'),(131,22,'MPS (MLD)',1,'60.00',100.00,'8'),(132,22,'Rising main (mtr.)',1,'9290.00',97.44,'8'),(133,22,'STP (MLD)',1,'60.00',81.84,'14'),(134,23,'Interception And Diversion',1,'1.00',3.00,'0'),(135,23,'MPS',1,'3.50',46.50,'0'),(136,23,'STP (MLD)',2,'42.50',87.85,'59'),(137,23,'Uppgradation of SPS',3,'3.00',100.00,'0'),(138,24,'Interception And Diversion',1,'3.00',14.58,'0'),(139,24,'Rising main (mtr.)',1,'3500.00',57.12,'0'),(140,24,'SPS (MLD)',1,'22.60',3.69,'0'),(141,24,'STP (MLD)',1,'50.00',22.57,'41');
/*!40000 ALTER TABLE `project_components` ENABLE KEYS */;
UNLOCK TABLES;

--
-- Table structure for table `sewerage_projects`
--

DROP TABLE IF EXISTS `sewerage_projects`;
/*!40101 SET @saved_cs_client     = @@character_set_client */;
/*!50503 SET character_set_client = utf8mb4 */;
CREATE TABLE `sewerage_projects` (
  `project_id` int NOT NULL AUTO_INCREMENT,
  `sr_no` int DEFAULT NULL,
  `district_id` int NOT NULL,
  `city_id` int DEFAULT NULL,
  `agency_id` int DEFAULT NULL,
  `project_name` varchar(1000) NOT NULL,
  `scheme_type` varchar(100) DEFAULT NULL,
  `project_mode` varchar(100) DEFAULT NULL,
  `sanction_date` date DEFAULT NULL,
  `sanction_cost` decimal(15,2) DEFAULT NULL,
  `work_cost` decimal(15,2) DEFAULT NULL,
  `centage` decimal(15,2) DEFAULT NULL,
  `om_cost` decimal(15,2) DEFAULT NULL,
  `stp_count` int DEFAULT NULL,
  `stp_capacity` decimal(15,2) DEFAULT NULL,
  `drain_count` int DEFAULT NULL,
  `agreement_cost` decimal(15,2) DEFAULT NULL,
  `start_date` date DEFAULT NULL,
  `agreement_completion_date` date DEFAULT NULL,
  `revised_date` varchar(255) DEFAULT NULL,
  `physical_progress` varchar(100) DEFAULT NULL,
  `financial_progress` varchar(100) DEFAULT NULL,
  `update_date` date DEFAULT NULL,
  `remarks` longtext,
  `reason_for_delay` longtext,
  `action_taken` longtext,
  `tentative_inauguration_date` date DEFAULT NULL,
  `tentative_zero_discharge_date` date DEFAULT NULL,
  `scrape_time` timestamp NULL DEFAULT CURRENT_TIMESTAMP,
  PRIMARY KEY (`project_id`),
  KEY `district_id` (`district_id`),
  KEY `city_id` (`city_id`),
  KEY `agency_id` (`agency_id`),
  CONSTRAINT `sewerage_projects_ibfk_1` FOREIGN KEY (`district_id`) REFERENCES `districts` (`district_id`),
  CONSTRAINT `sewerage_projects_ibfk_2` FOREIGN KEY (`city_id`) REFERENCES `cities` (`city_id`),
  CONSTRAINT `sewerage_projects_ibfk_3` FOREIGN KEY (`agency_id`) REFERENCES `agencies` (`agency_id`)
) ENGINE=InnoDB AUTO_INCREMENT=25 DEFAULT CHARSET=utf8mb4 COLLATE=utf8mb4_0900_ai_ci;
/*!40101 SET character_set_client = @saved_cs_client */;

--
-- Dumping data for table `sewerage_projects`
--

LOCK TABLES `sewerage_projects` WRITE;
/*!40000 ALTER TABLE `sewerage_projects` DISABLE KEYS */;
INSERT INTO `sewerage_projects` VALUES (1,1,1,1,1,'Agra Sewerage Scheme( Interception & diversion and STP works)','NGP2-EAP','HAM','2020-05-06',842.25,371.29,25.40,445.56,13,177.60,26,582.84,'2023-04-05','2025-04-04','04-Apr-2025 31-Dec-2025','+0.00 83.01','+0.00 336.24','2026-06-08','Component wise progress of Agra (HAM) 100 MLD STP- 68%, WIP 35 MLD STP- 76.2, WIP 31 MLD STP- 76.48%, WIP MPS 03 Nos.- 73%, WIP Rising Main 9.55 Km- 55%%, WIP Gravity Sewer 2.55 Km- 80%, WIP DSTP 10 Nos.- 5%, WIP Note- 1st Stage permission is granted for 07 Nos. DSTP Forest Land and 2nd stage permission is under process As per pervious meeting discussion, In order to complete the remaining works of 31 MLD and 35 MLD STP and make them operational as per the prescribed timeline, Direction  has been given to firm to complete the works as early as possible by increasing manpower. As per pervious meeting discussion, In order to 07 Nos. DSTP forest clearance , Land Gazette notification meeting has been conducted on 02.05.2025 and soon gazette notification will be published and after that stage 2 permission will be applied','NOC of land for 7 Nos DSTP, Road cutting permission for laying of rising main ,','1st Stage Permission was granted from forest department and 2nd stage permission is under process. A request was made by District Magistrate proposal sent to Revenue  department UP Lucknow for 1 No. DSTP Indira Memorial.  In current laying of rising main and intercepting sewer line permission was granted by district administration and work is under progress. MPS Nagla Buri public hindrance was resolved work is under progress.','2026-11-01','2026-09-01','2026-06-16 07:39:10'),(2,2,1,NULL,NULL,'Balance Darins Tapping and Augmentation of SPSs at Agra City','NGP','DBOT','2025-06-11',126.41,86.37,6.90,34.01,0,0.00,0,66.86,'2026-04-02','2027-10-01','','+0.00 0.00','+0.00 0.00',NULL,'','','','2027-11-01','2027-10-31','2026-06-16 07:39:10'),(3,3,3,2,2,'Chhata Town Sewerage Scheme (I&D and STP works), District Mathura','NGP','DBOT','2022-10-25',56.15,34.52,2.23,19.40,1,6.00,14,48.97,'2024-11-12','2026-08-11','','+0.32 17.58','+0.00 2.69','2026-06-08','STP site is flooded due to overflow from Bahrauli branch drain, (situated near to the site) from 1 month. The current water level at STP site is higher to the HFL, provided by irrigation department. At this situation all works are heavily affected. Not only in present this kind of situation during monsoon will affect the operation and maintenance services in later too.\n            Due to the current scenario of site, we have sent a letter to SDM, Chhata, requesting a new land for \n           construction of STP in this project with all requisite details of the scenario of original project site. Construction of HTS and staff quarter building is in progress at MPS. Project is slightly delayed due to problem of water logging at STP Site as PWD, Mathura was constructing a culvert on Kosi Drain and due to diversion of drain the water of kosi drain got obstructed. The STP site is located near to the branch drain of kosi drain at upstream side which got over flowed and leading to water logging at STP Site.This hindrance cleared in march 2025 after that work was resumed. Date of Start 12.11.2024 has been given to the firm. Survey and soil investigation has completed by firm. BEP of STP has been approved. Boundary wall construction work is going on at site.','Project is slightly delayed due to problem of water logging at STP Site as PWD, Mathura was constructing a culvert on Kosi Drain and due to diversion of drain the water of kosi drain got obstructed. The STP site is located near to the branch drain of kosi drain at upstream side which got over flowed and leading to water logging at STP Site.','Communication has been done to PWD and Irrigation Department for the problem of water logging at site. Additionally firm has been instructed to take preventive measures and initiate the work. Now the Piling and associated work has been commenced at site for SBR basin.','2026-08-12','2026-08-12','2026-06-16 07:39:10'),(4,4,4,NULL,3,'DPR OF 08 KLD Fecal Sludge Treatment Plant At Dalmau Raibareli','NMCG','DBOT','2024-08-28',4.40,3.01,0.18,1.21,0,0.00,0,3.00,'2026-02-06','2026-11-05','','+0.15 3.90','+0.00 0.00','2026-06-09','Technical Bid open on dt. 22.08.2025. LOA issued to Firm M/s Aastha Enviro Engineers Pvt. Ltd. on dt. 30.12.2025. NOC received from NMCG  of FBER on dt. 19.12.2025 TBER sent to NMCG for review and approval. NOC received from NMCG on dt. 03.10.2025. Financial bid open on dt. 10.10.2025. Financial Evaluation work is in progress. FBER sent to NMCG for review and approval on dt. 01.12.2025. Date of start  given to Firm M/s Aastha Enviro Engineers Pvt. Ltd. on dt. 06.02.2026. Bid Document uploaded at e-tender portal on dt. 27.06.2025. Pre-bid Meeting dt. 04.07.2025 at 12:00 PM. Pre-bid reply sent to NMCG for review and approval on dt. 07.07.2025. Soil testing and Survey completed. Design & Drawing work is in progress. Boundary wall work is in progress. NMCG sent final pre-bid replies on dt. 05.08.2025. Final pre-bid replies uploaded on e-tender portal on dt. 07.08.2025 Bid Submission date 22.08.2025.','','','2026-12-05','2026-12-05','2026-06-16 07:39:10'),(5,5,5,NULL,3,'Faecal Sludge Management for Pollution abatement of river Ganga at Manikpur, Pratapgarh','Non EAP','DBOT','2025-01-22',8.56,5.73,0.19,1.90,0,0.00,0,4.62,'2026-02-05','2026-11-04','','+16.00 28.00','+0.00 0.00','2026-06-08','NMCG New Delhi has given approval for issuance of LOA to the L1 Firm  M/s Aastha LOA has been issued to firm on dated 23.12.2025 Date of start has been issued to firm on dated 04.02.2026. Date of start 05.02.2026 and Date of Completion 04.11.2026 Soil test has been done, Survey and site cleaning work is under progress. Construction of Boundary wall is under progress. Excavation and PCC work is under progress for various unit. Vetting of BEP, Design & Drawing is completed. Construction of staff quarter, admin building cum lab are under progress.','','','2026-11-04','2026-11-04','2026-06-16 07:39:10'),(6,6,6,NULL,5,'Gulaothi I&D works','NMCG','DBOT','2024-08-28',50.98,17.13,1.37,13.20,1,10.00,1,51.19,'2025-12-01','2027-05-31','','+0.00 9.00','+0.00 2.09','2026-06-09','AA&ES issued on Dt 28.08.2024 NIT issued by SE, Meerut vide letter no. 257/731/15 Dt 08.11.2024 LOA & Date of start is given on 26.11.2025.  Date of  start is 01.12.2025 & Date of completion of work is 31.05.2027 issued to M/s SKC Technocrat Private Limited- M/s Malvika Technical Services (JV), B-29, RDC, Raj Nagar, Ghaziabad- 201002 Soil Testing Complete. Boundary Wall work is in progress. BEP submitted by the firm on Dated 03.02.2026. Some Observation were found in the examination of BEP, after which BEP was returned to the firm on 08.02.2026. The land purchase proposal has been Sanctioned and GO issued. The funds Released to ULB Gulaothi. Land Registry work is completed. ULB handed over the land to U.P. Jal Nigam for work on Dated 20.12.2025. Mobilization Amount of Rs. 1.04 Crore claimed by firm. Revised BEP submitted by the firm.  BEP send to IIT BHU for vetting After checking it.','','-','2027-05-31','2027-05-31','2026-06-16 07:39:10'),(7,7,3,3,6,'I&D and 13 MLD STP works at Vrindavan City','NGP','DBOT','2022-10-25',77.70,39.90,2.56,35.24,1,13.00,2,65.86,'2024-06-11','2026-03-10','','+0.05 92.93','+0.00 35.24','2026-06-08','Kalideh MPS rising main works has been done. STP site is water logged from 10.08.2025, work is affected due to this STP site had been water logged from 10.08.2025 to 18.09.2025, due to the high flood of Yamuna. After receding of water construction work is in progress along with corrective works due to the damage by flood at site. Work is going in SBR basin,  CCT, Admin building, Pannel room, SHU and in MPS  units. LOA issued to firm on dated 15.03.2024. Effective Date of start for the work is 11.06.2024.Work is in progress.','Initially preliminary work at Site got hindered due to start of monsoon just after the date of start of the project. Firm has started the work after the monsoon  and currently the work is being going on almost on all fronts by the firm. The progress is being regularly expedited by firm to complete the work on scheduled date.','-','2026-03-11','2026-03-11','2026-06-16 07:39:10'),(8,8,8,4,7,'I&D and STP Work in Banat, Shamli','NGP','DBOT','2023-05-25',48.71,24.93,1.58,22.20,1,5.00,3,37.92,'2024-10-14','2026-04-13','','+0.05 73.20','+0.00 14.70','2026-06-08','Contract Agreement is signed on 08.10.2024 and Date of Start 14-10-2024 & Date of Completion 13-01-2026 Survey and Soil investigation work completed BEP, Layout and HFD approved for 05 MLD STP. Gate Schedule approved GAD, Structural design and drawing of CCT with Tonner Room & HT Substation approved GAD, Structural Design and Dwg. for SBR and Boundary wall approved. Approach Road and boundary wall work in progress GAD for Sludge Handling Unit Submitted, which are clear for Vetting & Structural Design. Project is 4 months behind schedule. Delay in design/drawing submission by Contractor. Contractor need to increase expedite the progress of work and submission of design/drawings. GAD, Structural Design and Dwg. for SHU approved GAD, Structural design and drawing of I&D Structure approved GAD and Data Sheet of Diffuser and decanter approved BEP, P&ID of MPS approved GAD, Structural design and drawing of PTU Structure approved GAD, Structural design and drawing of CCT, HT Substation Building and MPS which are clear for Vetting. Structural Design and Dwg. for MPS approved Data Sheet, QAP, Curves etc. of Turbo Blower, Centrifuge approved','Firm delayed submission of Design and drawing','Liquidity Damage (L.D.) imposed on firm for delay.','2026-04-24','2026-04-14','2026-06-16 07:39:10'),(9,9,8,5,7,'I&D and STP Work in Bantikhera and Babri village, Shamli','NGP','DBOT','2023-05-25',55.47,29.41,1.84,24.22,1,5.00,1,41.91,'2024-10-14','2026-04-13','','+0.05 15.55','+0.00 3.62','2026-06-08','GAD of SBR is Clear for Vetting and Structural design Date Sheet, QAP, Curves etc. of Turbo Blower, Centrifuge approved Gate Schedule approved GAD, Structural design & Dwg. of PTU approved Contract Agreement is signed on 08.10.2024 and Date of Start 14-10-2024 & Date of Completion 13-01-2026 Survey and Soil investigation work completed BEP, Layout and HFD approved for 05 MLD STP. Work halted due to unresolved land dispute. Project is 7 months behind schedule.','Due to land dispute','Letters has been written to the District Administration requesting their intervention to resolve the dispute with the nearby farmers.','2026-04-24','2026-04-14','2026-06-16 07:39:10'),(10,10,10,NULL,9,'I&D and STP Work in Deobandh','NGP','DBOT','2024-07-25',134.71,67.42,4.46,62.83,1,20.00,4,95.25,'2026-02-09','2027-07-08','','+0.00 0.00','+0.00 0.00','2026-06-08','Approval on Technical bid from NMCG recieved on 29.07.2025 Letter to lowest bidder regarding power consumption written on dated 14.08.2025 last date for reply is 20.08.2025 Reply received on dated 20.08.2025 NOC on pre- Bid Documents recieved 0n 18.12.2024 Technical Bid opened on 25.01.2025 Technical bid evaluation sheet and document send to NMCG on 28.04.2025 LOA issued to M/s 21st Century Enviro Engineers Pvt. Ltd. -M/s Sattva Engineering Const. Ltd. JV.  on dt. 14.11.2025 Financial bid send to NMCG on dated 04.09.2025 Approval recieved on 16.09.2025 AA&ES recieved on 25.07.2024. Construction activity has been stopped in compliance with the directions issued by the Superintending Engineer, Circle Office, Uttar Pradesh Jal Nigam (Rural), Saharanpur, vide letter no. 168/122 (Namami Gange)/44 dated 20.02.2026, due to an increase in drain discharge from 13.8 MLD to 20.36 MLD, with instructions to the firm not to commence construction activities. Draft pre-bid reply send to NMCG 24.11.2024 Pre-bid meeting held on 07.11.2024 Financial bid opened on 07-08-2025 and financial evaluation under process. Draft bid document and NIT sent to NMCG on 05.08.2024 for approval. Comments on draft Bid Documents recieved on 17.10.2024 NIT published on 24-10-2024','-','-','2027-11-08','2027-11-08','2026-06-16 07:39:10'),(11,11,8,6,10,'I&D and STP Work in Shamli','NGP','DBOT','2023-05-25',206.02,103.19,6.66,96.17,1,40.00,1,120.92,'2024-10-14','2026-04-13','','+0.05 77.95','+0.00 41.81','2026-06-08','Primary Clariflocculator GAD Submitted, which clear for Vetting & Structural Design. CCT GAD Submitted which clear for Vetting & Structural Design. BEP, P&ID, HFD of MPS approved Data Sheet, QAP, Curves etc. of Turbo Blower, Centrifuge approved Gate Schedule & Electrical load list approved GAD, Structural Design and Dwg. of CCT/Toner Room & Fiber Disk Filter approved GAD, Structural Design and Dwg. for MPS approved Contract Agreement is signed on 08.10.2024 and Date of Start 14-10-2024 & Date of Completion 13-01-2026 Approach Road and Boundary wall work in progress BEP, Layout and HFD approved for 40 MLD STP. GAD, Structural Design and Dwg. for SBR and Boundary wall approved. GAD for Admin Building and Sludge Handling and Dewatering Building Submitted, which clear for Vetting & Structural Design. CCT and I&D GAD Submitted, which clear for Vetting & Structural Design. Project is 4 months behind schedule. Delay in design/drawing submission by Contractor. Contractor need to increase expedite the progress of work and submission of design/drawings. GAD, Structural Design and Dwg. for SHU  approved GAD, Structural Design and Dwg. of I&D Structure approved GAD and Data sheet of Decanter and diffuser approved GAD, Structural Design and Dwg. for Admin. Building & Lab approved GAD, Structural Design and Dwg. of Staff Quarter approved','Firm delayed submission of\nDesign and drawing','Liquidity Damage (L.D.) imposed on firm for delay.','2026-04-24','2026-04-14','2026-06-16 07:39:10'),(12,12,8,7,7,'I&D and STP Work in Thanabhawan, Shamli','NGP','DBOT','2023-05-25',97.19,55.63,3.50,38.06,1,10.00,5,63.72,'2024-10-14','2026-04-13','','+0.05 68.15','+0.00 19.11','2026-06-08','GAD, Structural Design and Dwg. for SBR and Boundary wall approved. GAD for Sludge Handling Unit Submitted, which are clear for Vetting & Structural Design. CCT GAD were Submitted, which clear for Vetting & Structural Design. Boundary Wall work in progress Project is 4 months behind schedule. Delay in design/drawing submission by Contractor. Contractor need to increase expedite the progress of work and submission of design/drawings. GAD, Structural Design and Dwg. for SHU approved GAD and Data Sheet of Diffuser and decanter approved BEP, P&ID of MPS approved GAD of MPS submitted which is clear for vetting GAD, Structural Design and Dwg. for PTU and CCT  Submitted which are clear for Vetting Structural Design and Dwg. for MPS submitted which is clear for Vetting GAD of Fiber Disk filter submitted which is clear for vetting Data Sheet, QAP, Curves etc. of Turbo Blower, Centrifuge approved Gate Schedule & Electrical load list approved Structural Design and Dwg. of PTU, Fiber Disk Filter, I&D and Sewer Network approved Structural Design and Dwg. for MPS approved Structural Design and Dwg. for CCT with Tonner Room approved Contract Agreement is signed on 08.10.2024 and Date of Start 14-10-2024 & Date of Completion 13-01-2026 Survey and Soil investigation work completed Approach Road work in progress BEP, Layout and HFD approved for 10 MLD STP.','Firm delayed submission of Design and drawing','Liquidity Damage (L.D.) imposed on firm for delay.','2026-04-24','2026-04-14','2026-06-16 07:39:10'),(13,13,13,8,12,'I&D and STP works at District-Hapur','NGP','DBOT','2023-09-19',49.06,22.85,1.42,24.79,1,6.00,1,39.28,'2024-11-08','2026-02-07','','+0.00 48.00','+0.00 6.97','2026-06-09','Revised vetted BEP Civil/Mechanical GA & R/F of MPS, SHU and SBR has been submitted by the firm on Dt 25.10.2025 and approved by the Department except  Civil GA and R/F of SBR. SBR Civil work Completed, MPS & STP work is in progress. Date of start is given on 08.11.24. Date of completion of work is 05.02.2026 to M/s SKC Technocrat Pvt. Ltd (Formerly M/s Satish Kumar & Co.) & M/s. Geo Miller & Co. Pvt. Ltd. (JV), Reg. Office B-29, IIIrd Floor, RDC Rajnagar, Ghaziabad - 201013. AGREEMENT cost of project is Rs. 39,28,13,617.00. Land Issue Resolved in March 2025. The amount of mobilization advance has been claimed by the firm. BEP and GAD sent for vetting to IIT BHU VARANASI on 19.06.25 LD of Rs. 32.00 Lac has been imposed on firm for delay of work, as per contract agreement.','Firm delayed submission of Design and drawing.','LD has been imposed vide letter no- 422/790/33 Dt 22.09.2025 due to delay in approval of Design/Drawing.','2026-02-07','2026-06-07','2026-06-16 07:39:10'),(14,14,14,9,13,'I&D and STP works at Hathras Town','NGP','DBOT','2023-01-30',128.91,70.48,4.55,53.88,1,24.00,10,119.05,'2024-09-06','2026-06-05','','+2.79 52.00','+0.00 20.69','2026-06-08','Survey and soil investigation has been completed by firm Project was delayed as the land for STP was handed over in March 2025 by Nagar Palika Parishad Hathras. After that BEP is approved and structural drawings of SBR also vetted by IIT and at present excavation for SBR is in progress Date of start is 06.09.2024 and date of completion is 05.06.2024. Survey work is going on.','Land issued by NPP','Project Manager personally contacted the District Magistrate and requested to remove the potato crop, on which the District Magistrate talked to the Executive Officer over telephone and directed to remove the potato crop within 7 working days. As per the instructions of the District Magistrate, the construction work of STP could be started in the month of March 2025 after removing the potato crop from the land provided by the Executive Officer Municipal Council Hathras','2026-11-30','2026-06-05','2026-06-16 07:39:10'),(15,15,3,10,7,'I&D and STP works at Kosi Kalan Town, District Mathura','NGP','DBOT','2022-10-25',66.59,31.24,2.03,33.32,1,12.00,1,53.60,'2024-10-16','2026-07-15','','+0.31 46.26','+0.00 13.52','2026-06-08','Continous instruction has been given to firm for expediting the work. BEP of STP has been approved. Boundary wall construction work is going on at site. Preparation for PCC work of SBR basin is in progress, hindered due to rain at site. LOA has been issued on date 18.06.2024 and Date of start has been given 16.10.2024 to the firm. Survey work is going on Survey and soil investigation has been done by firm. Ground improvement work of SBR basin is completed, PCC work  is in progress.','Firm has taken additional time in initial document submission and ULB\'s continuous waste disposal at project site also hindered the work.','Letter had been written to ULB to stop waste disposal at site. It was stopped and site was cleared for the work. Additionally notices/letters has been written to the firm for expediting the progress. Now the firm has been expedited the work and SBR basin work is in progress.','2026-07-16','2026-07-16','2026-06-16 07:39:10'),(16,16,16,11,15,'I&D and STP works at Meerut','NGP2-EAP','HAM','2020-05-06',690.71,363.78,26.31,280.19,1,220.00,2,369.74,'2024-11-11','2026-11-10','','+0.58 56.84','+0.00 191.82','2026-06-08','QAP, Date Sheet and GAD of Decanter, Diffuser, Vortex Grit Chamber, Turbo Air Blower, Fine & Coarse Screens, Chlorination System & Leak Absorption System, RAS SAS, RSTP Pumps, Belt Filter Press, Gravity Belt Thickener, Screw Pumps approved. QAP, Date Sheet and GAD of Gas Flare System, under re-submission., RCC drawing & design Calculations of Odean Nala I&D under re-submission. GAD, Blower & Panel Building, SBR piping, HT panel & workshop, Security HT Panel-2  Metering Room, Electrical BEP, pending with Concessionaire. GAD of Odean Nala & Abu Nala-2 I&Ds under review with IIT Roorkee., RCC of Compound walls approved. . Payment for1st and 2nd MS have been released BEP, Layout and HFD approved for 220 MLD STP, 2 I&D’s & MPS, BEP of Treated Effluent Pipeline from Lohia Nagar STP to Outfall pending with Concessionaire, BEP of EPS and Pipeline pending with Concessionaire. \nGAD, Structural Design and Dwg. for Admin Building, SBR, CCT, Tonner Room approved\nQAP, Date Sheet and GAD of Decanter, Diffuser approved, QAP, Date Sheet and GAD of Air Blowers under review.,  Vortex Grit Remover approved by PE.\nGAD of Primary Clarifier approved by UPJN. , QAP, Date Sheet and GAD of Chlorination System pending with Concessionaire.\nQAP of Filter Belt Press pending with Concessionaire., Revised QAP of Pumps to be submitted by Concessionaire. Revised GAD of MPS pending with Concessionaire. Work in progress at only 1 front of STP, Concessionaire need to open multiple working fronts.\nInadequate Manpower deployment at site, Manpower deployment to be increased. ESIA/ ESMP under review with World Bank BEP of EPS and Pipeline works has been recommended by PE.','The 3rd and 4th milestones are delayed as the design and drawings have not been submitted by the firm. Due to this work not having started on different fronts.','','2027-02-21','2027-02-11','2026-06-16 07:39:10'),(17,17,10,12,16,'I&D and STP works at Saharanpur','NGP2-EAP','HAM','2022-06-16',577.23,266.34,20.55,290.34,1,135.00,61,343.88,'2025-11-01','2027-10-31','','+0.15 25.65','+0.00 46.62','2026-06-08','LOA issue on dt. 26.07.2024. CA signed on dated 27.09.2024. Financial Closure documents submitted in NMCG, is under scrutiny. About 6.0 m level differnces as given in tender document and actual site level. as discussed NMCG meeting held on 07.01.2025. In the review meeting on 25.04.25 at NMCG, UPJN-R/PE were asked to work out on the possible alternatives options like retaining wall option, backfilling option or others etc. Post which UPJN-R and PE had to work on optimization of the solution and comeback with all possible solution.\nAccordingly, additional cost implication worth Rs. 81 crore for STP due to level difference sent to NMCG on 21.04.25 Out of various feasible technical solutions to counter the implication arose due to mis-match of site data, option no. 4 has been approved in-principle by NMCG and communicated vide letter no. Pr-13011/1/2022 – O/o PS NMCG dated 03.10.2025. Concessionaire have to submit the detailed estimate with in one month. Effective date of start  01.11.2025  given to concessionaire vide Lt. 1077/122(Namami Gange)132 dt. 31.10.2025','','','2027-11-01','2027-11-01','2026-06-16 07:39:10'),(18,18,18,NULL,17,'Interception & Diversion Of 14 Untapped Drains Of Kanpur City (Along with Supplementary Works)','NGP2-NON EAP','DBOT','2025-05-02',138.11,97.17,7.77,2.03,0,0.00,14,79.39,'2026-01-09','2027-09-08','','+0.00 2.47','+0.00 0.00','2026-06-08','','','','2027-09-08','2027-07-08','2026-06-16 07:39:10'),(19,19,19,13,18,'Interception, Diversion of Balance 13 drains and Augmentation of Salori STP capacity by 43 MLD (Sewerage District-C) at Prayagraj Uttar Pradesh under DBOT mode','NGP','DBOT','2023-03-14',331.75,180.27,11.22,140.27,1,43.00,13,204.40,'2024-03-19','2025-08-18','','+0.04 94.82','+18.03 99.95','2026-06-08','Casting of 10th  Lift of Wall at AB Culvert SPS has been completed.Compound wall & Sinking  work is under progress 2670 m laying of Rising main completed. Balance Laying is under progress. Sitaram Ghat SPS- RCC work for wet well is under progress. 1600 m laying of gravity intercepter line has been completed. Manhole construction work is under progress. RCC work for I&D is under progress. 43 MLD Salori STP partially commissioned on dated 31.12.2025. RCC work for PTU, SBR Basin, CCT Unit, MCC Room ,Chlorination room, Air Blower, Sludge Dewatering Unit  & TEPS is completed. RCC work for chlorine tonner yard is under Progress. Tiles, putti, painting and other finishing work for all unit of STP is under Progress. RCC work completed  for Admin Building and Staff quarter, Brick work & Plaster is under progress.','Progress was hampered due to site submergence in 2024,  Construction of River front road, Mahakumbh-2025 and site submergence in 2025 during monsoon.','','2026-04-30','2026-04-30','2026-06-16 07:39:10'),(20,20,19,13,19,'Interception, Diversion of Balance 7 drains and Augmentation of Rajapur STP capacity by 90 MLD (Sewerage District-D) at Prayagraj Uttar Pradesh under DBOT mode','NGP','DBOT','2023-01-27',475.98,242.85,15.24,217.89,1,90.00,7,309.74,'2024-08-24','2026-02-23','','+0.81 80.34','+52.88 115.28','2026-06-08','Plinth Beam Casting is Completed for PTU, Column Casting is under Progress. RCC work &  Hydro test of SBR Basin 1,3& 4 is completed. Walkway & channel work is under progress RCC work & Hydro test of CCT  is completed. RCC work of TEPH  is completed. Mechanical work is in progress. RCC work of  workshop Building,sub station Building is completed, Finishing work is under progress. RCC work for Air Blower Building is completed . Finishing work is under progress. Admin Building &  BFP building - RCC work is under Progress. RCC work is under progress for  Rajapur 56 mld MPS. RCC work is under progress for Mumfordganj 39 mld MPS. Shifting of Existing Rising main inside Mumfordganj SPS Campus work is completed. 2950 m laying of Rising main completed. Balance Laying is under progress. 1272 m laying of Gravity main (Sadar Bazar) & 2342 m laying of Gravity main (Sankar Ghat) completed Balance Laying is under progress RCC work completed for 5 Nos I&D , work is under progress for 1 Nos. I&D. Work was hampered due to Vehical restriction and overcrowding during Mahakumbh -2025, River Front road construction and Flood in 2024 & 2025.','Work was hampered due to Vehical restriction and overcrowding during Mahakumbh -2025, River Front road construction and Flood in 2024 &2025.','','2026-02-23','2026-02-23','2026-06-16 07:39:10'),(21,21,19,13,20,'Interception, Diversion of Balance discharge of 02 drains and 50 MLD STP to Augment existing Treatment Capacity (80 MLD) Naini STP for Sewerage District-A at Prayagraj Uttar Pradesh under DBOT mode','NGP','DBOT','2023-09-05',186.47,83.71,5.44,97.32,1,50.00,2,95.57,'2025-03-04','2026-07-03','','+0.38 68.33','+28.87 37.35','2026-06-08','Gates and screen installation work in PTU is under progress Gas engine Building Excavation work started at site Concreting work of Grid Slab of SBR basin-1, 2 3 &4  is completed and shuttering, reinforcement and concreting work of basin wall - 1 2  3 & 4 upto 100% height is completed. Walkway work also completed . Gravel padding, PCC and Reinforcement of CCT raft  Wall  & Walkway is completed Excavation, Reinforcement and Concreting work upto slab level is completed in PTU Walkway work is completed. Piling work of I&D Structure is completed. Wet Well of SPS is completed. Casting of columns of claritubesettler is completed and shuttering work of beam and grade slab is completed. Staff quarter upto ground floor column is completed and Shuttering and reinforcement work for Ground Floor beam and slab is completed. Gravel padding, PCC and raft of Admin Building is completed and reinforcement & shuttering work of plinth beam is completed. Finishing work of Security Cabin is completed. Workshop Building Footing work is completed column work is in progress. Dewatering Building foundation completed Column work is also completed. Decenter Blower clorination system Gate Screen, Screw Press Screen and diffuser  is receieved at site. Approach bridge Pilling work in completed. BEP of 50 MLD STP has been approved. Structure design & drawing of SBR, Claritube settler, Staff quarter, CCT, PTU, Admin Building cum Blower Room and Workshop Building has been approved. Excavation, PCC of work shop building is completed Column work is under progress. Soil testing of STP & SPS site has been completed. BEP and Structure design and drawing has been Approved for 2.90 MLD Bargad Ghat SPS. Survey, Design and Drawing work of remaining structure is in progress.','Site submergence during flood period. \nFirm has requested for technology change and the same was rejected by NMCG, New Delhi on dated 27.05.2025','Notice regarding LD has been issued to the firm for delay','2026-07-03','2026-07-03','2026-06-16 07:39:10'),(22,22,3,16,21,'Mathura sewerage scheme (I&D and STP Works for balance drain)','NGP2-NON EAP','HAM','2022-09-07',292.56,149.85,9.61,133.10,1,60.00,4,240.01,'2024-11-30','2026-11-29','','+0.83 84.27','+0.00 155.37','2026-06-08','LOA issued to L1 Bidder on on 27.09.2023. CA signed on 12.12.2023. Effective date of start shall be to concessionaire after financial closure. Effective date of start has been given to concessionaire as 30.11.2024. IPS Kala Patthar civil work and its Rising main has been completed SBR basin and MPS construction work is in progress in STP premises. Dairy farm IPS rising main laying work is in progress.','No Delay','-','2026-11-30','2026-11-30','2026-06-16 07:39:10'),(23,23,23,NULL,22,'Pollution Abatement Of Gomti River (Phase 1 Part 1) Lucknow','NGP','DBOT','2024-07-29',240.93,123.45,6.97,110.51,2,42.50,2,187.90,'2024-09-07','2026-06-06','','+0.02 92.56','+0.00 128.44','2026-06-09','39 MLD STP Daulatganj Operation & Maintenance started on dt. 05.11.2024. SBR Basin -Hydro testing work completed.  CCT -  Hydro testing work completed.  MPS - Sump wall 7th lift and coarse screen chamber wall 3rd lift reinforcement & shuttering work is in progress. PTU - Wall reinforcement, shuttering and casting work is in progress. HT Building - Plaster work is in progress. Admin Building - Ist floor roof slab shuttering work is in progress.  SHU - Column above Plinth beam work is in progress. Transformer yard - Casting work is completed. DG Platform - Casting work is completed. Supply of Decanter & Defuser completed. Supply of PLC Panel, Motor of MPS, RAS, SAS Pump  & Blower completed. Decanter installation work is in progress.','Slow progress by firm.','L.D. imposed Rs. 66,74,000.00 on firm','2026-06-06','2026-07-06','2026-06-16 07:39:10'),(24,24,23,17,22,'Pollution Abatement of Gomti River (Phase-II, Part-I) Lucknow','NGP','DBOT','2023-01-30',264.67,137.55,8.53,118.60,1,50.00,3,187.74,'2024-06-14','2026-03-13','','+0.44 22.70','+0.00 24.12','2026-06-09','Design & Drawing work is in progress. SBR Basin  4 - Common wall 3rd lift reinforcement, shuttering and casting work is in progress. SBR Basin 3- Decanter wall 3rd lift and selector zone wall 3rd lift reinforcement shuttering & casting work is in progress. SBR Basin 2 - Selector zone  outer wall 3rd lift reinforcement, shuttering and casting work is in progress. SBR Basin 1 -Excavation work is in progress. IPS - Wall 1st lift reinforcement & shuttering  work is in progress. Faizullaganj (U/S) I&D - Approach drain excavation, PCC, reinforcement, shuttering and casting work is in progress.','Slow progress by firm.','L.D. imposed Rs. 64,13,000.00 on firm','2026-04-13','2026-04-13','2026-06-16 07:39:10');
/*!40000 ALTER TABLE `sewerage_projects` ENABLE KEYS */;
UNLOCK TABLES;
/*!40103 SET TIME_ZONE=@OLD_TIME_ZONE */;

/*!40101 SET SQL_MODE=@OLD_SQL_MODE */;
/*!40014 SET FOREIGN_KEY_CHECKS=@OLD_FOREIGN_KEY_CHECKS */;
/*!40014 SET UNIQUE_CHECKS=@OLD_UNIQUE_CHECKS */;
/*!40101 SET CHARACTER_SET_CLIENT=@OLD_CHARACTER_SET_CLIENT */;
/*!40101 SET CHARACTER_SET_RESULTS=@OLD_CHARACTER_SET_RESULTS */;
/*!40101 SET COLLATION_CONNECTION=@OLD_COLLATION_CONNECTION */;
/*!40111 SET SQL_NOTES=@OLD_SQL_NOTES */;

-- Dump completed on 2026-06-17 15:48:55
CREATE DATABASE  IF NOT EXISTS `audit_weekly_progress_of_namami_gange_ongoingprojects` /*!40100 DEFAULT CHARACTER SET utf8mb4 COLLATE utf8mb4_0900_ai_ci */ /*!80016 DEFAULT ENCRYPTION='N' */;
USE `audit_weekly_progress_of_namami_gange_ongoingprojects`;
-- MySQL dump 10.13  Distrib 8.0.45, for Win64 (x86_64)
--
-- Host: 127.0.0.1    Database: audit_weekly_progress_of_namami_gange_ongoingprojects
-- ------------------------------------------------------
-- Server version	8.0.45

/*!40101 SET @OLD_CHARACTER_SET_CLIENT=@@CHARACTER_SET_CLIENT */;
/*!40101 SET @OLD_CHARACTER_SET_RESULTS=@@CHARACTER_SET_RESULTS */;
/*!40101 SET @OLD_COLLATION_CONNECTION=@@COLLATION_CONNECTION */;
/*!50503 SET NAMES utf8 */;
/*!40103 SET @OLD_TIME_ZONE=@@TIME_ZONE */;
/*!40103 SET TIME_ZONE='+00:00' */;
/*!40014 SET @OLD_UNIQUE_CHECKS=@@UNIQUE_CHECKS, UNIQUE_CHECKS=0 */;
/*!40014 SET @OLD_FOREIGN_KEY_CHECKS=@@FOREIGN_KEY_CHECKS, FOREIGN_KEY_CHECKS=0 */;
/*!40101 SET @OLD_SQL_MODE=@@SQL_MODE, SQL_MODE='NO_AUTO_VALUE_ON_ZERO' */;
/*!40111 SET @OLD_SQL_NOTES=@@SQL_NOTES, SQL_NOTES=0 */;

--
-- Table structure for table `audit_agencies`
--

DROP TABLE IF EXISTS `audit_agencies`;
/*!40101 SET @saved_cs_client     = @@character_set_client */;
/*!50503 SET character_set_client = utf8mb4 */;
CREATE TABLE `audit_agencies` (
  `audit_agency_id` int NOT NULL AUTO_INCREMENT,
  `agency_name` varchar(500) DEFAULT NULL,
  PRIMARY KEY (`audit_agency_id`)
) ENGINE=InnoDB AUTO_INCREMENT=19 DEFAULT CHARSET=utf8mb4 COLLATE=utf8mb4_0900_ai_ci;
/*!40101 SET character_set_client = @saved_cs_client */;

--
-- Dumping data for table `audit_agencies`
--

LOCK TABLES `audit_agencies` WRITE;
/*!40000 ALTER TABLE `audit_agencies` DISABLE KEYS */;
INSERT INTO `audit_agencies` VALUES (1,'M/s 21st Century Enviro Engineers Pvt. Ltd. -M/s Sattva Engineering Const. Ltd. JV'),(2,'M/s Aastha Enviro Engineers Pvt Ltd'),(3,'M/s AWWMPL  Pvt Ltd'),(4,'M/s EIEL Mathura Infra Engineers Private Limited'),(5,'M/s Enviro Infra Engineers Ltd, Bhugan Infracon Pvt. Ltd. & Micro Transmission System, JV'),(6,'M/s HNB Private ltd. - M/s Tirupati Cements Products (JV)'),(7,'M/s JWIL-SSG (Joint Venture)'),(8,'M/s Neercare India pvt KLtd JV M/s EMIT Group India Pvt Ltd JV EMS Ltd'),(9,'M/s R K Engineers Sales Ltd'),(10,'M/s R.K. Engineers Sales Ltd.-M/s Anand Constrwell Pvt. Ldt. (JV)'),(11,'M/s R.K. Engineers- Khilari Infrastructure (JV)'),(12,'M/s Shailesh Kumar J.V.'),(13,'M/s SIMA -G D- N.P. (JV)'),(14,'M/s SKC Technocrat Pvt. Ltd (Formerly M/s Satish Kumar & Co.) & M/s Malvika Technical Services (JV)'),(15,'M/s SKC Technocrat Pvt. Ltd (Formerly M/s Satish Kumar & Co.) & M/s. Geo Miller & Co. Pvt. Ltd. (JV)'),(16,'M/s Technocraft Ventures Limited'),(17,'M/s Triveni Engineering and Industries'),(18,'M/s. Meerut STP Pvt. Ltd.');
/*!40000 ALTER TABLE `audit_agencies` ENABLE KEYS */;
UNLOCK TABLES;

--
-- Table structure for table `audit_cities`
--

DROP TABLE IF EXISTS `audit_cities`;
/*!40101 SET @saved_cs_client     = @@character_set_client */;
/*!50503 SET character_set_client = utf8mb4 */;
CREATE TABLE `audit_cities` (
  `audit_city_id` int NOT NULL AUTO_INCREMENT,
  `audit_district_id` int NOT NULL,
  `city_name` varchar(255) NOT NULL,
  PRIMARY KEY (`audit_city_id`)
) ENGINE=InnoDB AUTO_INCREMENT=16 DEFAULT CHARSET=utf8mb4 COLLATE=utf8mb4_0900_ai_ci;
/*!40101 SET character_set_client = @saved_cs_client */;

--
-- Dumping data for table `audit_cities`
--

LOCK TABLES `audit_cities` WRITE;
/*!40000 ALTER TABLE `audit_cities` DISABLE KEYS */;
INSERT INTO `audit_cities` VALUES (1,1,'Agra'),(2,7,'Chhata'),(3,7,'Kosi Kalan'),(4,7,'Mathura'),(5,7,'Vrindavan'),(6,13,'Banat'),(7,13,'Bantikhera Banat'),(8,13,'Shamli'),(9,13,'Thanabhawan'),(10,12,'Saharanpur'),(11,3,'Hapur'),(12,4,'Hathras'),(13,8,'Meerut'),(14,10,'Prayagraj'),(15,6,'Lucknow');
/*!40000 ALTER TABLE `audit_cities` ENABLE KEYS */;
UNLOCK TABLES;

--
-- Table structure for table `audit_districts`
--

DROP TABLE IF EXISTS `audit_districts`;
/*!40101 SET @saved_cs_client     = @@character_set_client */;
/*!50503 SET character_set_client = utf8mb4 */;
CREATE TABLE `audit_districts` (
  `audit_district_id` int NOT NULL AUTO_INCREMENT,
  `district_name` varchar(255) NOT NULL,
  PRIMARY KEY (`audit_district_id`)
) ENGINE=InnoDB AUTO_INCREMENT=14 DEFAULT CHARSET=utf8mb4 COLLATE=utf8mb4_0900_ai_ci;
/*!40101 SET character_set_client = @saved_cs_client */;

--
-- Dumping data for table `audit_districts`
--

LOCK TABLES `audit_districts` WRITE;
/*!40000 ALTER TABLE `audit_districts` DISABLE KEYS */;
INSERT INTO `audit_districts` VALUES (1,'Agra'),(2,'Bulandshahr'),(3,'Hapur'),(4,'Hathras'),(5,'Kanpur Nagar'),(6,'Lucknow'),(7,'Mathura'),(8,'Meerut'),(9,'Pratapgarh'),(10,'PrayagRaj'),(11,'Rae Bareli'),(12,'Saharanpur'),(13,'Shamli');
/*!40000 ALTER TABLE `audit_districts` ENABLE KEYS */;
UNLOCK TABLES;

--
-- Table structure for table `audit_project_components`
--

DROP TABLE IF EXISTS `audit_project_components`;
/*!40101 SET @saved_cs_client     = @@character_set_client */;
/*!50503 SET character_set_client = utf8mb4 */;
CREATE TABLE `audit_project_components` (
  `audit_component_id` int NOT NULL AUTO_INCREMENT,
  `audit_project_id` int DEFAULT NULL,
  `work_component` varchar(500) DEFAULT NULL,
  `component_count` int DEFAULT NULL,
  `capacity_length_no` varchar(100) DEFAULT NULL,
  `physical_progress` decimal(10,2) DEFAULT NULL,
  `photos` varchar(100) DEFAULT NULL,
  PRIMARY KEY (`audit_component_id`)
) ENGINE=InnoDB AUTO_INCREMENT=142 DEFAULT CHARSET=utf8mb4 COLLATE=utf8mb4_0900_ai_ci;
/*!40101 SET character_set_client = @saved_cs_client */;

--
-- Dumping data for table `audit_project_components`
--

LOCK TABLES `audit_project_components` WRITE;
/*!40000 ALTER TABLE `audit_project_components` DISABLE KEYS */;
INSERT INTO `audit_project_components` VALUES (1,1,'Effluent Disposal Line (km.)',2,'2.01',92.50,'12'),(2,1,'Intercepting Sewer (km)',3,'1.94',82.00,'4'),(3,1,'Interception And Diversion',1,'22.00',0.00,'0'),(4,1,'MPS (MLD)',3,'373.50',82.67,'45'),(5,1,'Rising main (mtr.)',3,'8970.00',76.67,'26'),(6,1,'STP (MLD)',13,'177.60',26.25,'88'),(7,2,'Interception And Diversion',1,'40.00',0.00,'0'),(8,3,'Ancilliary works(Admin building,staff quarter ,roa',1,'1.00',22.30,'4'),(9,3,'I/C Sewer line (Mtr.)',1,'2170.00',27.00,'0'),(10,3,'Interception And Diversion',1,'11.00',0.00,'0'),(11,3,'MPS (MLD)',1,'6.00',40.00,'14'),(12,3,'Rising Main (Meter)',1,'5500.00',0.00,'0'),(13,3,'STP (MLD)',1,'6.00',15.50,'8'),(14,4,'FSTP(KLD)',1,'8.00',3.90,'4'),(15,5,'Admin Building',1,'1.00',0.00,'0'),(16,5,'Boundary wall, staff quarter',1,'1.00',0.00,'0'),(17,5,'Cesspool Vehicle',1,'3.00',0.00,'0'),(18,5,'FSTP(KLD)',1,'15.00',28.00,'4'),(19,5,'Solar Power (kw)',1,'35.00',0.00,'0'),(20,6,'Boundary wall',1,'286.00',10.00,'0'),(21,6,'Interception And Diversion',1,'1.00',0.00,'0'),(22,6,'MPS (MLD)',1,'15.00',0.00,'0'),(23,6,'Others',1,'1.00',0.00,'0'),(24,6,'STP (MLD)',1,'10.00',3.00,'0'),(25,7,'Ancilliary works(Admin building,staff quarter ,roa',1,'1.00',96.00,'11'),(26,7,'Interception And Diversion',1,'2.00',97.00,'0'),(27,7,'MPS (MLD)',1,'6.00',88.00,'8'),(28,7,'Online Monitoring/LCS/MCS for proposed STPs and Ex',1,'1.00',0.00,'0'),(29,7,'Rising main (mtr.)',1,'3700.00',99.00,'0'),(30,7,'STP (MLD)',1,'13.00',98.00,'33'),(31,7,'Treated water sump and associated works',1,'1.00',99.00,'0'),(32,7,'Upgradation of MPS',1,'1.00',62.00,'0'),(33,8,'Co-treatment Unit for Fecal Sludge (KLD)',1,'5.00',3.00,'0'),(34,8,'Effluent Disposal Line (km.)',1,'0.60',65.00,'0'),(35,8,'Interception And Diversion',1,'2.00',55.00,'0'),(36,8,'MPS (MLD)',1,'6.00',85.90,'8'),(37,8,'Power Connection',1,'1.00',0.00,'0'),(38,8,'Rising main (mtr.)',1,'50.00',0.00,'0'),(39,8,'Sewer Line (km.)',1,'0.60',65.00,'0'),(40,8,'STP (MLD)',1,'5.00',61.20,'24'),(41,9,'Co-treatment Unit for Fecal Sludge (KLD)',1,'5.00',3.00,'0'),(42,9,'Effluent Disposal Line (km.)',1,'0.40',0.00,'0'),(43,9,'Interception And Diversion',1,'4.00',0.00,'0'),(44,9,'MPS (MLD)',1,'6.00',0.00,'0'),(45,9,'Power Connection',1,'1.00',0.00,'0'),(46,9,'Rising main (mtr.)',1,'50.00',0.00,'0'),(47,9,'Sewer Line (km.)',1,'2.00',0.00,'0'),(48,9,'STP (MLD)',1,'5.00',24.00,'13'),(49,10,'MPS (MLD)',1,'28.00',0.00,'0'),(50,10,'Power Connection',1,'1.00',0.00,'0'),(51,10,'Rising main (mtr.)',1,'50.00',0.00,'0'),(52,10,'Sewer Line (km.)',1,'3.83',0.00,'0'),(53,10,'STP (MLD)',1,'20.00',0.00,'4'),(54,11,'Co-treatment Unit for Fecal Sludge (KLD)',1,'20.00',3.00,'0'),(55,11,'Effluent Disposal Line (km.)',1,'0.10',0.00,'0'),(56,11,'Interception And Diversion',1,'1.00',95.00,'9'),(57,11,'MPS (MLD)',1,'48.00',60.90,'8'),(58,11,'Power Connection',1,'1.00',0.00,'0'),(59,11,'Rising main (mtr.)',1,'100.00',0.00,'7'),(60,11,'Sewer Line (km.)',1,'0.10',0.00,'0'),(61,11,'STP (MLD)',1,'40.00',68.92,'21'),(62,12,'Co-treatment Unit for Fecal Sludge (KLD)',1,'10.00',3.00,'0'),(63,12,'Interception And Diversion',1,'3.00',35.00,'4'),(64,12,'MPS (MLD)',1,'13.00',44.70,'4'),(65,12,'Power Connection',1,'1.00',0.00,'0'),(66,12,'Rising main (mtr.)',1,'60.00',0.00,'0'),(67,12,'Sewer Line (km.)',1,'5.60',7.00,'0'),(68,12,'STP (MLD)',1,'10.00',54.90,'18'),(69,13,'Drains',1,'1.00',5.00,'0'),(70,13,'MPS (MLD)',1,'8.00',60.00,'12'),(71,13,'Others',1,'1.00',30.00,'8'),(72,13,'STP (MLD)',1,'6.00',50.00,'12'),(73,14,'Admin Building',1,'1.00',45.00,'4'),(74,14,'Boundary wall (mtr.)',1,'800.00',0.00,'0'),(75,14,'Intercepting Sewer (km)',1,'5.67',33.10,'4'),(76,14,'MPS (MLD)',1,'54.00',77.00,'8'),(77,14,'Nala Tapping Arrangement ( No.)',1,'8.00',0.00,'0'),(78,14,'Rising main (mtr.)',1,'0.13',36.50,'0'),(79,14,'Staff Quarter type 2',1,'1.00',0.00,'0'),(80,14,'STP (MLD)',1,'24.00',72.00,'16'),(81,15,'Ancilliary works(Admin building,staff quarter ,roa',1,'1.00',31.05,'7'),(82,15,'Intercepting Sewer (km)',1,'0.03',0.00,'0'),(83,15,'MPS (MLD)',1,'12.00',37.05,'4'),(84,15,'Nala Tapping Arrangement ( No.)',1,'1.00',0.00,'0'),(85,15,'Rising main (mtr.)',1,'100.00',0.00,'0'),(86,15,'STP (MLD)',1,'12.00',51.95,'16'),(87,16,'Interception And Diversion',1,'2.00',50.70,'0'),(88,16,'MPS',1,'1.00',80.60,'6'),(89,16,'Power Connection',1,'1.00',0.00,'0'),(90,16,'Rising main (mtr.)',1,'100.00',0.00,'0'),(91,16,'Sewer Line (km.)',1,'5.60',10.00,'0'),(92,16,'STP (MLD)',1,'220.00',55.70,'47'),(93,17,'Effluent Disposal Line (km.)',1,'0.10',4.00,'0'),(94,17,'Interception And Diversion',1,'61.00',4.00,'0'),(95,17,'MPS (MLD)',1,'172.30',4.00,'0'),(96,17,'Power Connection',1,'1.00',4.00,'0'),(97,17,'Rising main (mtr.)',1,'50.00',4.00,'0'),(98,17,'Sewer Line (km.)',1,'16.00',4.00,'4'),(99,17,'STP (MLD)',1,'135.00',33.60,'0'),(100,18,'Construction of SPS and Lift Station (Nos)',1,'7.00',0.00,'0'),(101,18,'Interception and Diversion Work of Drains (Nos)',1,'14.00',0.00,'0'),(102,18,'Laying of Diversion Sewer (meter)',1,'2515.00',0.00,'0'),(103,18,'Laying of Rising main (meter)',1,'11253.00',6.56,'0'),(104,18,'Miscellaneous Works',1,'1.00',0.00,'0'),(105,19,'Effluent Disposal Line (km.)',1,'0.30',85.00,'16'),(106,19,'Effluent Pumping Station (MLD)',1,'43.00',100.00,'28'),(107,19,'Interception And Diversion',1,'13.00',70.00,'8'),(108,19,'IPS (MLD)',1,'2.20',68.00,'21'),(109,19,'MPS (MLD)',1,'32.00',72.00,'16'),(110,19,'Rehabilitation of Sewer Line',1,'3.30',0.00,'0'),(111,19,'Rising main (mtr.)',1,'4070.00',94.00,'20'),(112,19,'Sewer Line (km.)',1,'2.16',94.00,'8'),(113,19,'STP (MLD)',1,'43.00',99.00,'105'),(114,20,'Effluent Disposal Line (km.)',1,'0.30',73.00,'8'),(115,20,'Effluent Pumping Station (MLD)',1,'90.00',73.00,'4'),(116,20,'Interception And Diversion',1,'7.00',80.00,'42'),(117,20,'MPS (MLD)',2,'95.00',71.50,'103'),(118,20,'Rehabilitation of Bund and Bund Road',1,'1.00',37.00,'0'),(119,20,'Rising main (mtr.)',1,'3450.00',88.00,'9'),(120,20,'Sewer Line (km.)',1,'4.20',88.00,'23'),(121,20,'STP (MLD)',1,'90.00',81.00,'114'),(122,21,'Co-treatment Unit for Fecal Sludge (KLD)',1,'20.00',0.00,'0'),(123,21,'Interception And Diversion',1,'2.00',84.00,'24'),(124,21,'IPS (MLD)',1,'2.90',67.50,'85'),(125,21,'Rising main (mtr.)',1,'100.00',25.00,'0'),(126,21,'Sewer Line (km.)',1,'0.06',86.00,'0'),(127,21,'STP (MLD)',1,'50.00',68.00,'211'),(128,22,'I/C Sewer line (Mtr.)',1,'1970.00',97.06,'4'),(129,22,'Interception And Diversion',1,'4.00',68.15,'4'),(130,22,'IPS (MLD)',2,'47.00',69.13,'13'),(131,22,'MPS (MLD)',1,'60.00',100.00,'8'),(132,22,'Rising main (mtr.)',1,'9290.00',97.44,'8'),(133,22,'STP (MLD)',1,'60.00',81.84,'14'),(134,23,'Interception And Diversion',1,'1.00',3.00,'0'),(135,23,'MPS',1,'3.50',46.50,'0'),(136,23,'STP (MLD)',2,'42.50',87.85,'59'),(137,23,'Uppgradation of SPS',3,'3.00',100.00,'0'),(138,24,'Interception And Diversion',1,'3.00',14.58,'0'),(139,24,'Rising main (mtr.)',1,'3500.00',57.12,'0'),(140,24,'SPS (MLD)',1,'22.60',3.69,'0'),(141,24,'STP (MLD)',1,'50.00',22.57,'41');
/*!40000 ALTER TABLE `audit_project_components` ENABLE KEYS */;
UNLOCK TABLES;

--
-- Table structure for table `audit_sewerage_projects`
--

DROP TABLE IF EXISTS `audit_sewerage_projects`;
/*!40101 SET @saved_cs_client     = @@character_set_client */;
/*!50503 SET character_set_client = utf8mb4 */;
CREATE TABLE `audit_sewerage_projects` (
  `audit_project_id` int NOT NULL AUTO_INCREMENT,
  `sr_no` int DEFAULT NULL,
  `audit_district_id` int DEFAULT NULL,
  `audit_city_id` int DEFAULT NULL,
  `audit_agency_id` int DEFAULT NULL,
  `project_name` varchar(1000) DEFAULT NULL,
  `scheme_type` varchar(100) DEFAULT NULL,
  `project_mode` varchar(100) DEFAULT NULL,
  `sanction_date` date DEFAULT NULL,
  `sanction_cost` decimal(15,2) DEFAULT NULL,
  `work_cost` decimal(15,2) DEFAULT NULL,
  `centage` decimal(15,2) DEFAULT NULL,
  `om_cost` decimal(15,2) DEFAULT NULL,
  `stp_count` int DEFAULT NULL,
  `stp_capacity` decimal(15,2) DEFAULT NULL,
  `drain_count` int DEFAULT NULL,
  `agreement_cost` decimal(15,2) DEFAULT NULL,
  `start_date` date DEFAULT NULL,
  `agreement_completion_date` date DEFAULT NULL,
  `revised_date` varchar(255) DEFAULT NULL,
  `physical_progress` varchar(100) DEFAULT NULL,
  `financial_progress` varchar(100) DEFAULT NULL,
  `update_date` date DEFAULT NULL,
  `remarks` longtext,
  `reason_for_delay` longtext,
  `action_taken` longtext,
  `tentative_inauguration_date` date DEFAULT NULL,
  `tentative_zero_discharge_date` date DEFAULT NULL,
  `scrape_time` timestamp NULL DEFAULT NULL,
  `audit_time` timestamp NULL DEFAULT CURRENT_TIMESTAMP,
  PRIMARY KEY (`audit_project_id`)
) ENGINE=InnoDB AUTO_INCREMENT=25 DEFAULT CHARSET=utf8mb4 COLLATE=utf8mb4_0900_ai_ci;
/*!40101 SET character_set_client = @saved_cs_client */;

--
-- Dumping data for table `audit_sewerage_projects`
--

LOCK TABLES `audit_sewerage_projects` WRITE;
/*!40000 ALTER TABLE `audit_sewerage_projects` DISABLE KEYS */;
INSERT INTO `audit_sewerage_projects` VALUES (1,1,1,1,3,'Agra Sewerage Scheme( Interception & diversion and STP works)','NGP2-EAP','HAM','2020-05-06',842.25,371.29,25.40,445.56,13,177.60,26,582.84,'2023-04-05','2025-04-04','04-Apr-2025 31-Dec-2025','+0.00 83.01','+0.00 336.24','2026-06-08','Component wise progress of Agra (HAM) 100 MLD STP- 68%, WIP 35 MLD STP- 76.2, WIP 31 MLD STP- 76.48%, WIP MPS 03 Nos.- 73%, WIP Rising Main 9.55 Km- 55%%, WIP Gravity Sewer 2.55 Km- 80%, WIP DSTP 10 Nos.- 5%, WIP Note- 1st Stage permission is granted for 07 Nos. DSTP Forest Land and 2nd stage permission is under process As per pervious meeting discussion, In order to complete the remaining works of 31 MLD and 35 MLD STP and make them operational as per the prescribed timeline, Direction  has been given to firm to complete the works as early as possible by increasing manpower. As per pervious meeting discussion, In order to 07 Nos. DSTP forest clearance , Land Gazette notification meeting has been conducted on 02.05.2025 and soon gazette notification will be published and after that stage 2 permission will be applied','NOC of land for 7 Nos DSTP, Road cutting permission for laying of rising main ,','1st Stage Permission was granted from forest department and 2nd stage permission is under process. A request was made by District Magistrate proposal sent to Revenue  department UP Lucknow for 1 No. DSTP Indira Memorial.  In current laying of rising main and intercepting sewer line permission was granted by district administration and work is under progress. MPS Nagla Buri public hindrance was resolved work is under progress.','2026-11-01','2026-09-01','2026-06-16 07:39:04','2026-06-16 07:39:09'),(2,2,1,NULL,NULL,'Balance Darins Tapping and Augmentation of SPSs at Agra City','NGP','DBOT','2025-06-11',126.41,86.37,6.90,34.01,0,0.00,0,66.86,'2026-04-02','2027-10-01','','+0.00 0.00','+0.00 0.00',NULL,'','','','2027-11-01','2027-10-31','2026-06-16 07:39:04','2026-06-16 07:39:09'),(3,3,7,2,12,'Chhata Town Sewerage Scheme (I&D and STP works), District Mathura','NGP','DBOT','2022-10-25',56.15,34.52,2.23,19.40,1,6.00,14,48.97,'2024-11-12','2026-08-11','','+0.32 17.58','+0.00 2.69','2026-06-08','STP site is flooded due to overflow from Bahrauli branch drain, (situated near to the site) from 1 month. The current water level at STP site is higher to the HFL, provided by irrigation department. At this situation all works are heavily affected. Not only in present this kind of situation during monsoon will affect the operation and maintenance services in later too.\n            Due to the current scenario of site, we have sent a letter to SDM, Chhata, requesting a new land for \n           construction of STP in this project with all requisite details of the scenario of original project site. Construction of HTS and staff quarter building is in progress at MPS. Project is slightly delayed due to problem of water logging at STP Site as PWD, Mathura was constructing a culvert on Kosi Drain and due to diversion of drain the water of kosi drain got obstructed. The STP site is located near to the branch drain of kosi drain at upstream side which got over flowed and leading to water logging at STP Site.This hindrance cleared in march 2025 after that work was resumed. Date of Start 12.11.2024 has been given to the firm. Survey and soil investigation has completed by firm. BEP of STP has been approved. Boundary wall construction work is going on at site.','Project is slightly delayed due to problem of water logging at STP Site as PWD, Mathura was constructing a culvert on Kosi Drain and due to diversion of drain the water of kosi drain got obstructed. The STP site is located near to the branch drain of kosi drain at upstream side which got over flowed and leading to water logging at STP Site.','Communication has been done to PWD and Irrigation Department for the problem of water logging at site. Additionally firm has been instructed to take preventive measures and initiate the work. Now the Piling and associated work has been commenced at site for SBR basin.','2026-08-12','2026-08-12','2026-06-16 07:39:04','2026-06-16 07:39:09'),(4,4,11,NULL,2,'DPR OF 08 KLD Fecal Sludge Treatment Plant At Dalmau Raibareli','NMCG','DBOT','2024-08-28',4.40,3.01,0.18,1.21,0,0.00,0,3.00,'2026-02-06','2026-11-05','','+0.15 3.90','+0.00 0.00','2026-06-09','Technical Bid open on dt. 22.08.2025. LOA issued to Firm M/s Aastha Enviro Engineers Pvt. Ltd. on dt. 30.12.2025. NOC received from NMCG  of FBER on dt. 19.12.2025 TBER sent to NMCG for review and approval. NOC received from NMCG on dt. 03.10.2025. Financial bid open on dt. 10.10.2025. Financial Evaluation work is in progress. FBER sent to NMCG for review and approval on dt. 01.12.2025. Date of start  given to Firm M/s Aastha Enviro Engineers Pvt. Ltd. on dt. 06.02.2026. Bid Document uploaded at e-tender portal on dt. 27.06.2025. Pre-bid Meeting dt. 04.07.2025 at 12:00 PM. Pre-bid reply sent to NMCG for review and approval on dt. 07.07.2025. Soil testing and Survey completed. Design & Drawing work is in progress. Boundary wall work is in progress. NMCG sent final pre-bid replies on dt. 05.08.2025. Final pre-bid replies uploaded on e-tender portal on dt. 07.08.2025 Bid Submission date 22.08.2025.','','','2026-12-05','2026-12-05','2026-06-16 07:39:04','2026-06-16 07:39:09'),(5,5,9,NULL,2,'Faecal Sludge Management for Pollution abatement of river Ganga at Manikpur, Pratapgarh','Non EAP','DBOT','2025-01-22',8.56,5.73,0.19,1.90,0,0.00,0,4.62,'2026-02-05','2026-11-04','','+16.00 28.00','+0.00 0.00','2026-06-08','NMCG New Delhi has given approval for issuance of LOA to the L1 Firm  M/s Aastha LOA has been issued to firm on dated 23.12.2025 Date of start has been issued to firm on dated 04.02.2026. Date of start 05.02.2026 and Date of Completion 04.11.2026 Soil test has been done, Survey and site cleaning work is under progress. Construction of Boundary wall is under progress. Excavation and PCC work is under progress for various unit. Vetting of BEP, Design & Drawing is completed. Construction of staff quarter, admin building cum lab are under progress.','','','2026-11-04','2026-11-04','2026-06-16 07:39:04','2026-06-16 07:39:09'),(6,6,2,NULL,14,'Gulaothi I&D works','NMCG','DBOT','2024-08-28',50.98,17.13,1.37,13.20,1,10.00,1,51.19,'2025-12-01','2027-05-31','','+0.00 9.00','+0.00 2.09','2026-06-09','AA&ES issued on Dt 28.08.2024 NIT issued by SE, Meerut vide letter no. 257/731/15 Dt 08.11.2024 LOA & Date of start is given on 26.11.2025.  Date of  start is 01.12.2025 & Date of completion of work is 31.05.2027 issued to M/s SKC Technocrat Private Limited- M/s Malvika Technical Services (JV), B-29, RDC, Raj Nagar, Ghaziabad- 201002 Soil Testing Complete. Boundary Wall work is in progress. BEP submitted by the firm on Dated 03.02.2026. Some Observation were found in the examination of BEP, after which BEP was returned to the firm on 08.02.2026. The land purchase proposal has been Sanctioned and GO issued. The funds Released to ULB Gulaothi. Land Registry work is completed. ULB handed over the land to U.P. Jal Nigam for work on Dated 20.12.2025. Mobilization Amount of Rs. 1.04 Crore claimed by firm. Revised BEP submitted by the firm.  BEP send to IIT BHU for vetting After checking it.','','-','2027-05-31','2027-05-31','2026-06-16 07:39:04','2026-06-16 07:39:09'),(7,7,7,5,13,'I&D and 13 MLD STP works at Vrindavan City','NGP','DBOT','2022-10-25',77.70,39.90,2.56,35.24,1,13.00,2,65.86,'2024-06-11','2026-03-10','','+0.05 92.93','+0.00 35.24','2026-06-08','Kalideh MPS rising main works has been done. STP site is water logged from 10.08.2025, work is affected due to this STP site had been water logged from 10.08.2025 to 18.09.2025, due to the high flood of Yamuna. After receding of water construction work is in progress along with corrective works due to the damage by flood at site. Work is going in SBR basin,  CCT, Admin building, Pannel room, SHU and in MPS  units. LOA issued to firm on dated 15.03.2024. Effective Date of start for the work is 11.06.2024.Work is in progress.','Initially preliminary work at Site got hindered due to start of monsoon just after the date of start of the project. Firm has started the work after the monsoon  and currently the work is being going on almost on all fronts by the firm. The progress is being regularly expedited by firm to complete the work on scheduled date.','-','2026-03-11','2026-03-11','2026-06-16 07:39:04','2026-06-16 07:39:09'),(8,8,13,6,9,'I&D and STP Work in Banat, Shamli','NGP','DBOT','2023-05-25',48.71,24.93,1.58,22.20,1,5.00,3,37.92,'2024-10-14','2026-04-13','','+0.05 73.20','+0.00 14.70','2026-06-08','Contract Agreement is signed on 08.10.2024 and Date of Start 14-10-2024 & Date of Completion 13-01-2026 Survey and Soil investigation work completed BEP, Layout and HFD approved for 05 MLD STP. Gate Schedule approved GAD, Structural design and drawing of CCT with Tonner Room & HT Substation approved GAD, Structural Design and Dwg. for SBR and Boundary wall approved. Approach Road and boundary wall work in progress GAD for Sludge Handling Unit Submitted, which are clear for Vetting & Structural Design. Project is 4 months behind schedule. Delay in design/drawing submission by Contractor. Contractor need to increase expedite the progress of work and submission of design/drawings. GAD, Structural Design and Dwg. for SHU approved GAD, Structural design and drawing of I&D Structure approved GAD and Data Sheet of Diffuser and decanter approved BEP, P&ID of MPS approved GAD, Structural design and drawing of PTU Structure approved GAD, Structural design and drawing of CCT, HT Substation Building and MPS which are clear for Vetting. Structural Design and Dwg. for MPS approved Data Sheet, QAP, Curves etc. of Turbo Blower, Centrifuge approved','Firm delayed submission of Design and drawing','Liquidity Damage (L.D.) imposed on firm for delay.','2026-04-24','2026-04-14','2026-06-16 07:39:04','2026-06-16 07:39:09'),(9,9,13,7,9,'I&D and STP Work in Bantikhera and Babri village, Shamli','NGP','DBOT','2023-05-25',55.47,29.41,1.84,24.22,1,5.00,1,41.91,'2024-10-14','2026-04-13','','+0.05 15.55','+0.00 3.62','2026-06-08','GAD of SBR is Clear for Vetting and Structural design Date Sheet, QAP, Curves etc. of Turbo Blower, Centrifuge approved Gate Schedule approved GAD, Structural design & Dwg. of PTU approved Contract Agreement is signed on 08.10.2024 and Date of Start 14-10-2024 & Date of Completion 13-01-2026 Survey and Soil investigation work completed BEP, Layout and HFD approved for 05 MLD STP. Work halted due to unresolved land dispute. Project is 7 months behind schedule.','Due to land dispute','Letters has been written to the District Administration requesting their intervention to resolve the dispute with the nearby farmers.','2026-04-24','2026-04-14','2026-06-16 07:39:04','2026-06-16 07:39:09'),(10,10,12,NULL,1,'I&D and STP Work in Deobandh','NGP','DBOT','2024-07-25',134.71,67.42,4.46,62.83,1,20.00,4,95.25,'2026-02-09','2027-07-08','','+0.00 0.00','+0.00 0.00','2026-06-08','Approval on Technical bid from NMCG recieved on 29.07.2025 Letter to lowest bidder regarding power consumption written on dated 14.08.2025 last date for reply is 20.08.2025 Reply received on dated 20.08.2025 NOC on pre- Bid Documents recieved 0n 18.12.2024 Technical Bid opened on 25.01.2025 Technical bid evaluation sheet and document send to NMCG on 28.04.2025 LOA issued to M/s 21st Century Enviro Engineers Pvt. Ltd. -M/s Sattva Engineering Const. Ltd. JV.  on dt. 14.11.2025 Financial bid send to NMCG on dated 04.09.2025 Approval recieved on 16.09.2025 AA&ES recieved on 25.07.2024. Construction activity has been stopped in compliance with the directions issued by the Superintending Engineer, Circle Office, Uttar Pradesh Jal Nigam (Rural), Saharanpur, vide letter no. 168/122 (Namami Gange)/44 dated 20.02.2026, due to an increase in drain discharge from 13.8 MLD to 20.36 MLD, with instructions to the firm not to commence construction activities. Draft pre-bid reply send to NMCG 24.11.2024 Pre-bid meeting held on 07.11.2024 Financial bid opened on 07-08-2025 and financial evaluation under process. Draft bid document and NIT sent to NMCG on 05.08.2024 for approval. Comments on draft Bid Documents recieved on 17.10.2024 NIT published on 24-10-2024','-','-','2027-11-08','2027-11-08','2026-06-16 07:39:04','2026-06-16 07:39:09'),(11,11,13,8,10,'I&D and STP Work in Shamli','NGP','DBOT','2023-05-25',206.02,103.19,6.66,96.17,1,40.00,1,120.92,'2024-10-14','2026-04-13','','+0.05 77.95','+0.00 41.81','2026-06-08','Primary Clariflocculator GAD Submitted, which clear for Vetting & Structural Design. CCT GAD Submitted which clear for Vetting & Structural Design. BEP, P&ID, HFD of MPS approved Data Sheet, QAP, Curves etc. of Turbo Blower, Centrifuge approved Gate Schedule & Electrical load list approved GAD, Structural Design and Dwg. of CCT/Toner Room & Fiber Disk Filter approved GAD, Structural Design and Dwg. for MPS approved Contract Agreement is signed on 08.10.2024 and Date of Start 14-10-2024 & Date of Completion 13-01-2026 Approach Road and Boundary wall work in progress BEP, Layout and HFD approved for 40 MLD STP. GAD, Structural Design and Dwg. for SBR and Boundary wall approved. GAD for Admin Building and Sludge Handling and Dewatering Building Submitted, which clear for Vetting & Structural Design. CCT and I&D GAD Submitted, which clear for Vetting & Structural Design. Project is 4 months behind schedule. Delay in design/drawing submission by Contractor. Contractor need to increase expedite the progress of work and submission of design/drawings. GAD, Structural Design and Dwg. for SHU  approved GAD, Structural Design and Dwg. of I&D Structure approved GAD and Data sheet of Decanter and diffuser approved GAD, Structural Design and Dwg. for Admin. Building & Lab approved GAD, Structural Design and Dwg. of Staff Quarter approved','Firm delayed submission of\nDesign and drawing','Liquidity Damage (L.D.) imposed on firm for delay.','2026-04-24','2026-04-14','2026-06-16 07:39:04','2026-06-16 07:39:09'),(12,12,13,9,9,'I&D and STP Work in Thanabhawan, Shamli','NGP','DBOT','2023-05-25',97.19,55.63,3.50,38.06,1,10.00,5,63.72,'2024-10-14','2026-04-13','','+0.05 68.15','+0.00 19.11','2026-06-08','GAD, Structural Design and Dwg. for SBR and Boundary wall approved. GAD for Sludge Handling Unit Submitted, which are clear for Vetting & Structural Design. CCT GAD were Submitted, which clear for Vetting & Structural Design. Boundary Wall work in progress Project is 4 months behind schedule. Delay in design/drawing submission by Contractor. Contractor need to increase expedite the progress of work and submission of design/drawings. GAD, Structural Design and Dwg. for SHU approved GAD and Data Sheet of Diffuser and decanter approved BEP, P&ID of MPS approved GAD of MPS submitted which is clear for vetting GAD, Structural Design and Dwg. for PTU and CCT  Submitted which are clear for Vetting Structural Design and Dwg. for MPS submitted which is clear for Vetting GAD of Fiber Disk filter submitted which is clear for vetting Data Sheet, QAP, Curves etc. of Turbo Blower, Centrifuge approved Gate Schedule & Electrical load list approved Structural Design and Dwg. of PTU, Fiber Disk Filter, I&D and Sewer Network approved Structural Design and Dwg. for MPS approved Structural Design and Dwg. for CCT with Tonner Room approved Contract Agreement is signed on 08.10.2024 and Date of Start 14-10-2024 & Date of Completion 13-01-2026 Survey and Soil investigation work completed Approach Road work in progress BEP, Layout and HFD approved for 10 MLD STP.','Firm delayed submission of Design and drawing','Liquidity Damage (L.D.) imposed on firm for delay.','2026-04-24','2026-04-14','2026-06-16 07:39:04','2026-06-16 07:39:09'),(13,13,3,11,15,'I&D and STP works at District-Hapur','NGP','DBOT','2023-09-19',49.06,22.85,1.42,24.79,1,6.00,1,39.28,'2024-11-08','2026-02-07','','+0.00 48.00','+0.00 6.97','2026-06-09','Revised vetted BEP Civil/Mechanical GA & R/F of MPS, SHU and SBR has been submitted by the firm on Dt 25.10.2025 and approved by the Department except  Civil GA and R/F of SBR. SBR Civil work Completed, MPS & STP work is in progress. Date of start is given on 08.11.24. Date of completion of work is 05.02.2026 to M/s SKC Technocrat Pvt. Ltd (Formerly M/s Satish Kumar & Co.) & M/s. Geo Miller & Co. Pvt. Ltd. (JV), Reg. Office B-29, IIIrd Floor, RDC Rajnagar, Ghaziabad - 201013. AGREEMENT cost of project is Rs. 39,28,13,617.00. Land Issue Resolved in March 2025. The amount of mobilization advance has been claimed by the firm. BEP and GAD sent for vetting to IIT BHU VARANASI on 19.06.25 LD of Rs. 32.00 Lac has been imposed on firm for delay of work, as per contract agreement.','Firm delayed submission of Design and drawing.','LD has been imposed vide letter no- 422/790/33 Dt 22.09.2025 due to delay in approval of Design/Drawing.','2026-02-07','2026-06-07','2026-06-16 07:39:04','2026-06-16 07:39:09'),(14,14,4,12,8,'I&D and STP works at Hathras Town','NGP','DBOT','2023-01-30',128.91,70.48,4.55,53.88,1,24.00,10,119.05,'2024-09-06','2026-06-05','','+2.79 52.00','+0.00 20.69','2026-06-08','Survey and soil investigation has been completed by firm Project was delayed as the land for STP was handed over in March 2025 by Nagar Palika Parishad Hathras. After that BEP is approved and structural drawings of SBR also vetted by IIT and at present excavation for SBR is in progress Date of start is 06.09.2024 and date of completion is 05.06.2024. Survey work is going on.','Land issued by NPP','Project Manager personally contacted the District Magistrate and requested to remove the potato crop, on which the District Magistrate talked to the Executive Officer over telephone and directed to remove the potato crop within 7 working days. As per the instructions of the District Magistrate, the construction work of STP could be started in the month of March 2025 after removing the potato crop from the land provided by the Executive Officer Municipal Council Hathras','2026-11-30','2026-06-05','2026-06-16 07:39:04','2026-06-16 07:39:09'),(15,15,7,3,9,'I&D and STP works at Kosi Kalan Town, District Mathura','NGP','DBOT','2022-10-25',66.59,31.24,2.03,33.32,1,12.00,1,53.60,'2024-10-16','2026-07-15','','+0.31 46.26','+0.00 13.52','2026-06-08','Continous instruction has been given to firm for expediting the work. BEP of STP has been approved. Boundary wall construction work is going on at site. Preparation for PCC work of SBR basin is in progress, hindered due to rain at site. LOA has been issued on date 18.06.2024 and Date of start has been given 16.10.2024 to the firm. Survey work is going on Survey and soil investigation has been done by firm. Ground improvement work of SBR basin is completed, PCC work  is in progress.','Firm has taken additional time in initial document submission and ULB\'s continuous waste disposal at project site also hindered the work.','Letter had been written to ULB to stop waste disposal at site. It was stopped and site was cleared for the work. Additionally notices/letters has been written to the firm for expediting the progress. Now the firm has been expedited the work and SBR basin work is in progress.','2026-07-16','2026-07-16','2026-06-16 07:39:04','2026-06-16 07:39:09'),(16,16,8,13,18,'I&D and STP works at Meerut','NGP2-EAP','HAM','2020-05-06',690.71,363.78,26.31,280.19,1,220.00,2,369.74,'2024-11-11','2026-11-10','','+0.58 56.84','+0.00 191.82','2026-06-08','QAP, Date Sheet and GAD of Decanter, Diffuser, Vortex Grit Chamber, Turbo Air Blower, Fine & Coarse Screens, Chlorination System & Leak Absorption System, RAS SAS, RSTP Pumps, Belt Filter Press, Gravity Belt Thickener, Screw Pumps approved. QAP, Date Sheet and GAD of Gas Flare System, under re-submission., RCC drawing & design Calculations of Odean Nala I&D under re-submission. GAD, Blower & Panel Building, SBR piping, HT panel & workshop, Security HT Panel-2  Metering Room, Electrical BEP, pending with Concessionaire. GAD of Odean Nala & Abu Nala-2 I&Ds under review with IIT Roorkee., RCC of Compound walls approved. . Payment for1st and 2nd MS have been released BEP, Layout and HFD approved for 220 MLD STP, 2 I&D’s & MPS, BEP of Treated Effluent Pipeline from Lohia Nagar STP to Outfall pending with Concessionaire, BEP of EPS and Pipeline pending with Concessionaire. \nGAD, Structural Design and Dwg. for Admin Building, SBR, CCT, Tonner Room approved\nQAP, Date Sheet and GAD of Decanter, Diffuser approved, QAP, Date Sheet and GAD of Air Blowers under review.,  Vortex Grit Remover approved by PE.\nGAD of Primary Clarifier approved by UPJN. , QAP, Date Sheet and GAD of Chlorination System pending with Concessionaire.\nQAP of Filter Belt Press pending with Concessionaire., Revised QAP of Pumps to be submitted by Concessionaire. Revised GAD of MPS pending with Concessionaire. Work in progress at only 1 front of STP, Concessionaire need to open multiple working fronts.\nInadequate Manpower deployment at site, Manpower deployment to be increased. ESIA/ ESMP under review with World Bank BEP of EPS and Pipeline works has been recommended by PE.','The 3rd and 4th milestones are delayed as the design and drawings have not been submitted by the firm. Due to this work not having started on different fronts.','','2027-02-21','2027-02-11','2026-06-16 07:39:04','2026-06-16 07:39:09'),(17,17,12,10,5,'I&D and STP works at Saharanpur','NGP2-EAP','HAM','2022-06-16',577.23,266.34,20.55,290.34,1,135.00,61,343.88,'2025-11-01','2027-10-31','','+0.15 25.65','+0.00 46.62','2026-06-08','LOA issue on dt. 26.07.2024. CA signed on dated 27.09.2024. Financial Closure documents submitted in NMCG, is under scrutiny. About 6.0 m level differnces as given in tender document and actual site level. as discussed NMCG meeting held on 07.01.2025. In the review meeting on 25.04.25 at NMCG, UPJN-R/PE were asked to work out on the possible alternatives options like retaining wall option, backfilling option or others etc. Post which UPJN-R and PE had to work on optimization of the solution and comeback with all possible solution.\nAccordingly, additional cost implication worth Rs. 81 crore for STP due to level difference sent to NMCG on 21.04.25 Out of various feasible technical solutions to counter the implication arose due to mis-match of site data, option no. 4 has been approved in-principle by NMCG and communicated vide letter no. Pr-13011/1/2022 – O/o PS NMCG dated 03.10.2025. Concessionaire have to submit the detailed estimate with in one month. Effective date of start  01.11.2025  given to concessionaire vide Lt. 1077/122(Namami Gange)132 dt. 31.10.2025','','','2027-11-01','2027-11-01','2026-06-16 07:39:05','2026-06-16 07:39:09'),(18,18,5,NULL,16,'Interception & Diversion Of 14 Untapped Drains Of Kanpur City (Along with Supplementary Works)','NGP2-NON EAP','DBOT','2025-05-02',138.11,97.17,7.77,2.03,0,0.00,14,79.39,'2026-01-09','2027-09-08','','+0.00 2.47','+0.00 0.00','2026-06-08','','','','2027-09-08','2027-07-08','2026-06-16 07:39:05','2026-06-16 07:39:09'),(19,19,10,14,6,'Interception, Diversion of Balance 13 drains and Augmentation of Salori STP capacity by 43 MLD (Sewerage District-C) at Prayagraj Uttar Pradesh under DBOT mode','NGP','DBOT','2023-03-14',331.75,180.27,11.22,140.27,1,43.00,13,204.40,'2024-03-19','2025-08-18','','+0.04 94.82','+18.03 99.95','2026-06-08','Casting of 10th  Lift of Wall at AB Culvert SPS has been completed.Compound wall & Sinking  work is under progress 2670 m laying of Rising main completed. Balance Laying is under progress. Sitaram Ghat SPS- RCC work for wet well is under progress. 1600 m laying of gravity intercepter line has been completed. Manhole construction work is under progress. RCC work for I&D is under progress. 43 MLD Salori STP partially commissioned on dated 31.12.2025. RCC work for PTU, SBR Basin, CCT Unit, MCC Room ,Chlorination room, Air Blower, Sludge Dewatering Unit  & TEPS is completed. RCC work for chlorine tonner yard is under Progress. Tiles, putti, painting and other finishing work for all unit of STP is under Progress. RCC work completed  for Admin Building and Staff quarter, Brick work & Plaster is under progress.','Progress was hampered due to site submergence in 2024,  Construction of River front road, Mahakumbh-2025 and site submergence in 2025 during monsoon.','','2026-04-30','2026-04-30','2026-06-16 07:39:05','2026-06-16 07:39:09'),(20,20,10,14,17,'Interception, Diversion of Balance 7 drains and Augmentation of Rajapur STP capacity by 90 MLD (Sewerage District-D) at Prayagraj Uttar Pradesh under DBOT mode','NGP','DBOT','2023-01-27',475.98,242.85,15.24,217.89,1,90.00,7,309.74,'2024-08-24','2026-02-23','','+0.81 80.34','+52.88 115.28','2026-06-08','Plinth Beam Casting is Completed for PTU, Column Casting is under Progress. RCC work &  Hydro test of SBR Basin 1,3& 4 is completed. Walkway & channel work is under progress RCC work & Hydro test of CCT  is completed. RCC work of TEPH  is completed. Mechanical work is in progress. RCC work of  workshop Building,sub station Building is completed, Finishing work is under progress. RCC work for Air Blower Building is completed . Finishing work is under progress. Admin Building &  BFP building - RCC work is under Progress. RCC work is under progress for  Rajapur 56 mld MPS. RCC work is under progress for Mumfordganj 39 mld MPS. Shifting of Existing Rising main inside Mumfordganj SPS Campus work is completed. 2950 m laying of Rising main completed. Balance Laying is under progress. 1272 m laying of Gravity main (Sadar Bazar) & 2342 m laying of Gravity main (Sankar Ghat) completed Balance Laying is under progress RCC work completed for 5 Nos I&D , work is under progress for 1 Nos. I&D. Work was hampered due to Vehical restriction and overcrowding during Mahakumbh -2025, River Front road construction and Flood in 2024 & 2025.','Work was hampered due to Vehical restriction and overcrowding during Mahakumbh -2025, River Front road construction and Flood in 2024 &2025.','','2026-02-23','2026-02-23','2026-06-16 07:39:05','2026-06-16 07:39:09'),(21,21,10,14,7,'Interception, Diversion of Balance discharge of 02 drains and 50 MLD STP to Augment existing Treatment Capacity (80 MLD) Naini STP for Sewerage District-A at Prayagraj Uttar Pradesh under DBOT mode','NGP','DBOT','2023-09-05',186.47,83.71,5.44,97.32,1,50.00,2,95.57,'2025-03-04','2026-07-03','','+0.38 68.33','+28.87 37.35','2026-06-08','Gates and screen installation work in PTU is under progress Gas engine Building Excavation work started at site Concreting work of Grid Slab of SBR basin-1, 2 3 &4  is completed and shuttering, reinforcement and concreting work of basin wall - 1 2  3 & 4 upto 100% height is completed. Walkway work also completed . Gravel padding, PCC and Reinforcement of CCT raft  Wall  & Walkway is completed Excavation, Reinforcement and Concreting work upto slab level is completed in PTU Walkway work is completed. Piling work of I&D Structure is completed. Wet Well of SPS is completed. Casting of columns of claritubesettler is completed and shuttering work of beam and grade slab is completed. Staff quarter upto ground floor column is completed and Shuttering and reinforcement work for Ground Floor beam and slab is completed. Gravel padding, PCC and raft of Admin Building is completed and reinforcement & shuttering work of plinth beam is completed. Finishing work of Security Cabin is completed. Workshop Building Footing work is completed column work is in progress. Dewatering Building foundation completed Column work is also completed. Decenter Blower clorination system Gate Screen, Screw Press Screen and diffuser  is receieved at site. Approach bridge Pilling work in completed. BEP of 50 MLD STP has been approved. Structure design & drawing of SBR, Claritube settler, Staff quarter, CCT, PTU, Admin Building cum Blower Room and Workshop Building has been approved. Excavation, PCC of work shop building is completed Column work is under progress. Soil testing of STP & SPS site has been completed. BEP and Structure design and drawing has been Approved for 2.90 MLD Bargad Ghat SPS. Survey, Design and Drawing work of remaining structure is in progress.','Site submergence during flood period. \nFirm has requested for technology change and the same was rejected by NMCG, New Delhi on dated 27.05.2025','Notice regarding LD has been issued to the firm for delay','2026-07-03','2026-07-03','2026-06-16 07:39:05','2026-06-16 07:39:09'),(22,22,7,4,4,'Mathura sewerage scheme (I&D and STP Works for balance drain)','NGP2-NON EAP','HAM','2022-09-07',292.56,149.85,9.61,133.10,1,60.00,4,240.01,'2024-11-30','2026-11-29','','+0.83 84.27','+0.00 155.37','2026-06-08','LOA issued to L1 Bidder on on 27.09.2023. CA signed on 12.12.2023. Effective date of start shall be to concessionaire after financial closure. Effective date of start has been given to concessionaire as 30.11.2024. IPS Kala Patthar civil work and its Rising main has been completed SBR basin and MPS construction work is in progress in STP premises. Dairy farm IPS rising main laying work is in progress.','No Delay','-','2026-11-30','2026-11-30','2026-06-16 07:39:05','2026-06-16 07:39:09'),(23,23,6,NULL,11,'Pollution Abatement Of Gomti River (Phase 1 Part 1) Lucknow','NGP','DBOT','2024-07-29',240.93,123.45,6.97,110.51,2,42.50,2,187.90,'2024-09-07','2026-06-06','','+0.02 92.56','+0.00 128.44','2026-06-09','39 MLD STP Daulatganj Operation & Maintenance started on dt. 05.11.2024. SBR Basin -Hydro testing work completed.  CCT -  Hydro testing work completed.  MPS - Sump wall 7th lift and coarse screen chamber wall 3rd lift reinforcement & shuttering work is in progress. PTU - Wall reinforcement, shuttering and casting work is in progress. HT Building - Plaster work is in progress. Admin Building - Ist floor roof slab shuttering work is in progress.  SHU - Column above Plinth beam work is in progress. Transformer yard - Casting work is completed. DG Platform - Casting work is completed. Supply of Decanter & Defuser completed. Supply of PLC Panel, Motor of MPS, RAS, SAS Pump  & Blower completed. Decanter installation work is in progress.','Slow progress by firm.','L.D. imposed Rs. 66,74,000.00 on firm','2026-06-06','2026-07-06','2026-06-16 07:39:05','2026-06-16 07:39:09'),(24,24,6,15,11,'Pollution Abatement of Gomti River (Phase-II, Part-I) Lucknow','NGP','DBOT','2023-01-30',264.67,137.55,8.53,118.60,1,50.00,3,187.74,'2024-06-14','2026-03-13','','+0.44 22.70','+0.00 24.12','2026-06-09','Design & Drawing work is in progress. SBR Basin  4 - Common wall 3rd lift reinforcement, shuttering and casting work is in progress. SBR Basin 3- Decanter wall 3rd lift and selector zone wall 3rd lift reinforcement shuttering & casting work is in progress. SBR Basin 2 - Selector zone  outer wall 3rd lift reinforcement, shuttering and casting work is in progress. SBR Basin 1 -Excavation work is in progress. IPS - Wall 1st lift reinforcement & shuttering  work is in progress. Faizullaganj (U/S) I&D - Approach drain excavation, PCC, reinforcement, shuttering and casting work is in progress.','Slow progress by firm.','L.D. imposed Rs. 64,13,000.00 on firm','2026-04-13','2026-04-13','2026-06-16 07:39:05','2026-06-16 07:39:09');
/*!40000 ALTER TABLE `audit_sewerage_projects` ENABLE KEYS */;
UNLOCK TABLES;

--
-- Table structure for table `project_components`
--

DROP TABLE IF EXISTS `project_components`;
/*!40101 SET @saved_cs_client     = @@character_set_client */;
/*!50503 SET character_set_client = utf8mb4 */;
CREATE TABLE `project_components` (
  `component_id` int NOT NULL AUTO_INCREMENT,
  `project_id` int NOT NULL,
  `work_component` varchar(500) DEFAULT NULL,
  `component_count` int DEFAULT NULL,
  `capacity_length_no` varchar(100) DEFAULT NULL,
  `physical_progress` decimal(10,2) DEFAULT NULL,
  `photos` varchar(100) DEFAULT NULL,
  PRIMARY KEY (`component_id`),
  KEY `project_id` (`project_id`)
) ENGINE=InnoDB DEFAULT CHARSET=utf8mb4 COLLATE=utf8mb4_0900_ai_ci;
/*!40101 SET character_set_client = @saved_cs_client */;

--
-- Dumping data for table `project_components`
--

LOCK TABLES `project_components` WRITE;
/*!40000 ALTER TABLE `project_components` DISABLE KEYS */;
/*!40000 ALTER TABLE `project_components` ENABLE KEYS */;
UNLOCK TABLES;
/*!40103 SET TIME_ZONE=@OLD_TIME_ZONE */;

/*!40101 SET SQL_MODE=@OLD_SQL_MODE */;
/*!40014 SET FOREIGN_KEY_CHECKS=@OLD_FOREIGN_KEY_CHECKS */;
/*!40014 SET UNIQUE_CHECKS=@OLD_UNIQUE_CHECKS */;
/*!40101 SET CHARACTER_SET_CLIENT=@OLD_CHARACTER_SET_CLIENT */;
/*!40101 SET CHARACTER_SET_RESULTS=@OLD_CHARACTER_SET_RESULTS */;
/*!40101 SET COLLATION_CONNECTION=@OLD_COLLATION_CONNECTION */;
/*!40111 SET SQL_NOTES=@OLD_SQL_NOTES */;

-- Dump completed on 2026-06-17 15:48:55
